Track,Test Case,Matcher,Type,Precision (P),Recall (R),Residual Recall (R+),F1,"# of TP","# of FP","# of FN","# of Correspondences",Time,Time (HH:MM:SS),http://a.com/matcherThreshold,http://a.com/matcherStrategy,http://a.com/backgroundDataset
conference,confof-iasted,alod_emb,ALL,0.15625,0.5555555555555556,0.2,0.24390243902439024,5,27,4,32,108379841,00:00:00,0.5,SYNONYMY,alod_emb
conference,confof-iasted,alod_emb,CLASSES,0.19230769230769232,0.5555555555555556,0.2,0.28571428571428575,5,21,4,26,-,-,0.5,SYNONYMY,alod_emb
conference,confof-iasted,alod_emb,PROPERTIES,0.0,0.0,0.0,0.0,0,6,0,6,-,-,0.5,SYNONYMY,alod_emb
conference,confof-iasted,alod_emb,INSTANCES,0.0,0.0,0.0,0.0,0,0,0,0,-,-,0.5,SYNONYMY,alod_emb
conference,ekaw-iasted,alod_emb,ALL,0.175,0.7,0.25,0.27999999999999997,7,33,3,40,127635796,00:00:00,0.5,SYNONYMY,alod_emb
conference,ekaw-iasted,alod_emb,CLASSES,0.21212121212121213,0.7,0.25,0.3255813953488372,7,26,3,33,-,-,0.5,SYNONYMY,alod_emb
conference,ekaw-iasted,alod_emb,PROPERTIES,0.0,0.0,0.0,0.0,0,7,0,7,-,-,0.5,SYNONYMY,alod_emb
conference,ekaw-iasted,alod_emb,INSTANCES,0.0,0.0,0.0,0.0,0,0,0,0,-,-,0.5,SYNONYMY,alod_emb
conference,edas-iasted,alod_emb,ALL,0.1590909090909091,0.3684210526315789,0.0,0.22222222222222218,7,37,12,44,186021916,00:00:00,0.5,SYNONYMY,alod_emb
conference,edas-iasted,alod_emb,CLASSES,0.19444444444444445,0.3684210526315789,0.0,0.2545454545454545,7,29,12,36,-,-,0.5,SYNONYMY,alod_emb
conference,edas-iasted,alod_emb,PROPERTIES,0.0,0.0,0.0,0.0,0,8,0,8,-,-,0.5,SYNONYMY,alod_emb
conference,edas-iasted,alod_emb,INSTANCES,0.0,0.0,0.0,0.0,0,0,0,0,-,-,0.5,SYNONYMY,alod_emb
anatomy_track,mouse-human-suite,alod_emb,ALL,0.7885756676557863,0.7011873350923483,0.024830699774266364,0.74231843575419,1063,285,453,1348,24353192241,00:00:24,0.5,SYNONYMY,alod_emb
anatomy_track,mouse-human-suite,alod_emb,CLASSES,0.7897473997028231,0.7011873350923483,0.024830699774266364,0.742837176799441,1063,283,453,1346,-,-,0.5,SYNONYMY,alod_emb
anatomy_track,mouse-human-suite,alod_emb,PROPERTIES,0.0,0.0,0.0,0.0,0,2,0,2,-,-,0.5,SYNONYMY,alod_emb
anatomy_track,mouse-human-suite,alod_emb,INSTANCES,0.0,0.0,0.0,0.0,0,0,0,0,-,-,0.5,SYNONYMY,alod_emb
conference,cmt-sigkdd,alod_emb,ALL,0.5294117647058824,0.75,0.25,0.6206896551724139,9,8,3,17,152693348,00:00:00,0.5,SYNONYMY,alod_emb
conference,cmt-sigkdd,alod_emb,CLASSES,0.7272727272727273,0.8,0.0,0.761904761904762,8,3,2,11,-,-,0.5,SYNONYMY,alod_emb
conference,cmt-sigkdd,alod_emb,PROPERTIES,0.16666666666666666,0.5,0.5,0.25,1,5,1,6,-,-,0.5,SYNONYMY,alod_emb
conference,cmt-sigkdd,alod_emb,INSTANCES,0.0,0.0,0.0,0.0,0,0,0,0,-,-,0.5,SYNONYMY,alod_emb
largebio,small-fma-nci,alod_emb,ALL,0.63668430335097,0.268801191362621,0.0045708481462671405,0.37801047120418846,722,412,1964,1217,49677073524,00:00:49,0.5,SYNONYMY,alod_emb
largebio,small-fma-nci,alod_emb,CLASSES,0.63668430335097,0.268801191362621,0.0045708481462671405,0.37801047120418846,722,412,1964,1217,-,-,0.5,SYNONYMY,alod_emb
largebio,small-fma-nci,alod_emb,PROPERTIES,0.0,0.0,0.0,0.0,0,0,0,0,-,-,0.5,SYNONYMY,alod_emb
largebio,small-fma-nci,alod_emb,INSTANCES,0.0,0.0,0.0,0.0,0,0,0,0,-,-,0.5,SYNONYMY,alod_emb
conference,confof-sigkdd,alod_emb,ALL,0.2631578947368421,0.7142857142857143,0.3333333333333333,0.3846153846153846,5,14,2,19,58369235,00:00:00,0.5,SYNONYMY,alod_emb
conference,confof-sigkdd,alod_emb,CLASSES,0.3076923076923077,0.6666666666666666,0.0,0.42105263157894735,4,9,2,13,-,-,0.5,SYNONYMY,alod_emb
conference,confof-sigkdd,alod_emb,PROPERTIES,0.16666666666666666,1.0,1.0,0.2857142857142857,1,5,0,6,-,-,0.5,SYNONYMY,alod_emb
conference,confof-sigkdd,alod_emb,INSTANCES,0.0,0.0,0.0,0.0,0,0,0,0,-,-,0.5,SYNONYMY,alod_emb
conference,cmt-conference,alod_emb,ALL,0.20833333333333334,0.3333333333333333,0.0,0.25641025641025644,5,19,10,24,5132679295,00:00:05,0.5,SYNONYMY,alod_emb
conference,cmt-conference,alod_emb,CLASSES,0.3333333333333333,0.3333333333333333,0.0,0.3333333333333333,4,8,8,12,-,-,0.5,SYNONYMY,alod_emb
conference,cmt-conference,alod_emb,PROPERTIES,0.08333333333333333,0.3333333333333333,0.0,0.13333333333333333,1,11,2,12,-,-,0.5,SYNONYMY,alod_emb
conference,cmt-conference,alod_emb,INSTANCES,0.0,0.0,0.0,0.0,0,0,0,0,-,-,0.5,SYNONYMY,alod_emb
conference,cmt-confof,alod_emb,ALL,0.3125,0.3125,0.0,0.3125,5,11,11,16,320257512,00:00:00,0.5,SYNONYMY,alod_emb
conference,cmt-confof,alod_emb,CLASSES,0.4,0.4,0.0,0.4000000000000001,4,6,6,10,-,-,0.5,SYNONYMY,alod_emb
conference,cmt-confof,alod_emb,PROPERTIES,0.16666666666666666,0.16666666666666666,0.0,0.16666666666666666,1,5,5,6,-,-,0.5,SYNONYMY,alod_emb
conference,cmt-confof,alod_emb,INSTANCES,0.0,0.0,0.0,0.0,0,0,0,0,-,-,0.5,SYNONYMY,alod_emb
conference,conference-sigkdd,alod_emb,ALL,0.3333333333333333,0.5333333333333333,0.0,0.4102564102564102,8,16,7,24,115140083,00:00:00,0.5,SYNONYMY,alod_emb
conference,conference-sigkdd,alod_emb,CLASSES,0.4444444444444444,0.6666666666666666,0.0,0.5333333333333333,8,10,4,18,-,-,0.5,SYNONYMY,alod_emb
conference,conference-sigkdd,alod_emb,PROPERTIES,0.0,0.0,0.0,0.0,0,6,3,6,-,-,0.5,SYNONYMY,alod_emb
conference,conference-sigkdd,alod_emb,INSTANCES,0.0,0.0,0.0,0.0,0,0,0,0,-,-,0.5,SYNONYMY,alod_emb
conference,conference-confof,alod_emb,ALL,0.36,0.6,0.0,0.45,9,16,6,25,109808381,00:00:00,0.5,SYNONYMY,alod_emb
conference,conference-confof,alod_emb,CLASSES,0.3888888888888889,0.6363636363636364,0.0,0.4827586206896552,7,11,4,18,-,-,0.5,SYNONYMY,alod_emb
conference,conference-confof,alod_emb,PROPERTIES,0.2857142857142857,0.5,0.0,0.36363636363636365,2,5,2,7,-,-,0.5,SYNONYMY,alod_emb
conference,conference-confof,alod_emb,INSTANCES,0.0,0.0,0.0,0.0,0,0,0,0,-,-,0.5,SYNONYMY,alod_emb
conference,confof-ekaw,alod_emb,ALL,0.4230769230769231,0.55,0.1,0.47826086956521735,11,15,9,26,80167251,00:00:00,0.5,SYNONYMY,alod_emb
conference,confof-ekaw,alod_emb,CLASSES,0.5,0.55,0.1,0.5238095238095238,11,11,9,22,-,-,0.5,SYNONYMY,alod_emb
conference,confof-ekaw,alod_emb,PROPERTIES,0.0,0.0,0.0,0.0,0,4,0,4,-,-,0.5,SYNONYMY,alod_emb
conference,confof-ekaw,alod_emb,INSTANCES,0.0,0.0,0.0,0.0,0,0,0,0,-,-,0.5,SYNONYMY,alod_emb
conference,confof-edas,alod_emb,ALL,0.32432432432432434,0.631578947368421,0.125,0.42857142857142855,12,25,7,37,112926222,00:00:00,0.5,SYNONYMY,alod_emb
conference,confof-edas,alod_emb,CLASSES,0.45,0.6428571428571429,0.0,0.5294117647058824,9,11,5,20,-,-,0.5,SYNONYMY,alod_emb
conference,confof-edas,alod_emb,PROPERTIES,0.17647058823529413,0.6,0.3333333333333333,0.2727272727272727,3,14,2,17,-,-,0.5,SYNONYMY,alod_emb
conference,confof-edas,alod_emb,INSTANCES,0.0,0.0,0.0,0.0,0,0,0,0,-,-,0.5,SYNONYMY,alod_emb
conference,cmt-ekaw,alod_emb,ALL,0.19230769230769232,0.45454545454545453,0.0,0.27027027027027023,5,21,6,26,285487086,00:00:00,0.5,SYNONYMY,alod_emb
conference,cmt-ekaw,alod_emb,CLASSES,0.3125,0.625,0.0,0.4166666666666667,5,11,3,16,-,-,0.5,SYNONYMY,alod_emb
conference,cmt-ekaw,alod_emb,PROPERTIES,0.0,0.0,0.0,0.0,0,10,3,10,-,-,0.5,SYNONYMY,alod_emb
conference,cmt-ekaw,alod_emb,INSTANCES,0.0,0.0,0.0,0.0,0,0,0,0,-,-,0.5,SYNONYMY,alod_emb
conference,edas-ekaw,alod_emb,ALL,0.2553191489361702,0.5217391304347826,0.15384615384615385,0.3428571428571428,12,35,11,47,130533906,00:00:00,0.5,SYNONYMY,alod_emb
conference,edas-ekaw,alod_emb,CLASSES,0.2894736842105263,0.5789473684210527,0.2,0.3859649122807018,11,27,8,38,-,-,0.5,SYNONYMY,alod_emb
conference,edas-ekaw,alod_emb,PROPERTIES,0.1111111111111111,0.25,0.0,0.15384615384615383,1,8,3,9,-,-,0.5,SYNONYMY,alod_emb
conference,edas-ekaw,alod_emb,INSTANCES,0.0,0.0,0.0,0.0,0,0,0,0,-,-,0.5,SYNONYMY,alod_emb
conference,iasted-sigkdd,alod_emb,ALL,0.3793103448275862,0.7333333333333333,0.0,0.5,11,18,4,29,101738690,00:00:00,0.5,SYNONYMY,alod_emb
conference,iasted-sigkdd,alod_emb,CLASSES,0.5,0.7333333333333333,0.0,0.5945945945945945,11,11,4,22,-,-,0.5,SYNONYMY,alod_emb
conference,iasted-sigkdd,alod_emb,PROPERTIES,0.0,0.0,0.0,0.0,0,7,0,7,-,-,0.5,SYNONYMY,alod_emb
conference,iasted-sigkdd,alod_emb,INSTANCES,0.0,0.0,0.0,0.0,0,0,0,0,-,-,0.5,SYNONYMY,alod_emb
conference,cmt-edas,alod_emb,ALL,0.27586206896551724,0.6153846153846154,0.0,0.380952380952381,8,21,5,29,578701714,00:00:00,0.5,SYNONYMY,alod_emb
conference,cmt-edas,alod_emb,CLASSES,0.4444444444444444,1.0,0.0,0.6153846153846153,8,10,0,18,-,-,0.5,SYNONYMY,alod_emb
conference,cmt-edas,alod_emb,PROPERTIES,0.0,0.0,0.0,0.0,0,11,5,11,-,-,0.5,SYNONYMY,alod_emb
conference,cmt-edas,alod_emb,INSTANCES,0.0,0.0,0.0,0.0,0,0,0,0,-,-,0.5,SYNONYMY,alod_emb
conference,conference-iasted,alod_emb,ALL,0.13793103448275862,0.2857142857142857,0.0,0.18604651162790697,4,25,10,29,223547558,00:00:00,0.5,SYNONYMY,alod_emb
conference,conference-iasted,alod_emb,CLASSES,0.16,0.3076923076923077,0.0,0.2105263157894737,4,21,9,25,-,-,0.5,SYNONYMY,alod_emb
conference,conference-iasted,alod_emb,PROPERTIES,0.0,0.0,0.0,0.0,0,4,1,4,-,-,0.5,SYNONYMY,alod_emb
conference,conference-iasted,alod_emb,INSTANCES,0.0,0.0,0.0,0.0,0,0,0,0,-,-,0.5,SYNONYMY,alod_emb
conference,conference-ekaw,alod_emb,ALL,0.27906976744186046,0.48,0.1875,0.35294117647058815,12,31,13,43,129717268,00:00:00,0.5,SYNONYMY,alod_emb
conference,conference-ekaw,alod_emb,CLASSES,0.2894736842105263,0.4782608695652174,0.2,0.360655737704918,11,27,12,38,-,-,0.5,SYNONYMY,alod_emb
conference,conference-ekaw,alod_emb,PROPERTIES,0.2,0.5,0.0,0.28571428571428575,1,4,1,5,-,-,0.5,SYNONYMY,alod_emb
conference,conference-ekaw,alod_emb,INSTANCES,0.0,0.0,0.0,0.0,0,0,0,0,-,-,0.5,SYNONYMY,alod_emb
conference,conference-edas,alod_emb,ALL,0.28205128205128205,0.6470588235294118,0.25,0.3928571428571429,11,28,6,39,181394587,00:00:00,0.5,SYNONYMY,alod_emb
conference,conference-edas,alod_emb,CLASSES,0.36,0.6428571428571429,0.2857142857142857,0.4615384615384615,9,16,5,25,-,-,0.5,SYNONYMY,alod_emb
conference,conference-edas,alod_emb,PROPERTIES,0.14285714285714285,0.6666666666666666,0.0,0.23529411764705882,2,12,1,14,-,-,0.5,SYNONYMY,alod_emb
conference,conference-edas,alod_emb,INSTANCES,0.0,0.0,0.0,0.0,0,0,0,0,-,-,0.5,SYNONYMY,alod_emb
conference,ekaw-sigkdd,alod_emb,ALL,0.35,0.6363636363636364,0.0,0.45161290322580644,7,13,4,20,61893534,00:00:00,0.5,SYNONYMY,alod_emb
conference,ekaw-sigkdd,alod_emb,CLASSES,0.3684210526315789,0.6363636363636364,0.0,0.4666666666666667,7,12,4,19,-,-,0.5,SYNONYMY,alod_emb
conference,ekaw-sigkdd,alod_emb,PROPERTIES,0.0,0.0,0.0,0.0,0,1,0,1,-,-,0.5,SYNONYMY,alod_emb
conference,ekaw-sigkdd,alod_emb,INSTANCES,0.0,0.0,0.0,0.0,0,0,0,0,-,-,0.5,SYNONYMY,alod_emb
conference,cmt-iasted,alod_emb,ALL,0.16666666666666666,1.0,0.0,0.2857142857142857,4,20,0,24,548759146,00:00:00,0.5,SYNONYMY,alod_emb
conference,cmt-iasted,alod_emb,CLASSES,0.25,1.0,0.0,0.4,4,12,0,16,-,-,0.5,SYNONYMY,alod_emb
conference,cmt-iasted,alod_emb,PROPERTIES,0.0,0.0,0.0,0.0,0,8,0,8,-,-,0.5,SYNONYMY,alod_emb
conference,cmt-iasted,alod_emb,INSTANCES,0.0,0.0,0.0,0.0,0,0,0,0,-,-,0.5,SYNONYMY,alod_emb
conference,edas-sigkdd,alod_emb,ALL,0.3333333333333333,0.5333333333333333,0.125,0.4102564102564102,8,16,7,24,116259118,00:00:00,0.5,SYNONYMY,alod_emb
conference,edas-sigkdd,alod_emb,CLASSES,0.4444444444444444,0.7272727272727273,0.25,0.5517241379310345,8,10,3,18,-,-,0.5,SYNONYMY,alod_emb
conference,edas-sigkdd,alod_emb,PROPERTIES,0.0,0.0,0.0,0.0,0,6,4,6,-,-,0.5,SYNONYMY,alod_emb
conference,edas-sigkdd,alod_emb,INSTANCES,0.0,0.0,0.0,0.0,0,0,0,0,-,-,0.5,SYNONYMY,alod_emb
conference,ekaw-iasted,COMBINED_Emb,ALL,0.02527075812274368,0.7,0.25,0.048780487804878044,7,270,3,277,0,00:00:00,-,-,-
conference,ekaw-iasted,COMBINED_Emb,CLASSES,0.03365384615384615,0.7,0.25,0.06422018348623852,7,201,3,208,-,-,-,-,-
conference,ekaw-iasted,COMBINED_Emb,PROPERTIES,0.0,0.0,0.0,0.0,0,69,0,69,-,-,-,-,-
conference,ekaw-iasted,COMBINED_Emb,INSTANCES,0.0,0.0,0.0,0.0,0,0,0,0,-,-,-,-,-
conference,confof-iasted,COMBINED_Emb,ALL,0.03389830508474576,0.6666666666666666,0.4,0.06451612903225806,6,171,3,177,0,00:00:00,-,-,-
conference,confof-iasted,COMBINED_Emb,CLASSES,0.044444444444444446,0.6666666666666666,0.4,0.08333333333333334,6,129,3,135,-,-,-,-,-
conference,confof-iasted,COMBINED_Emb,PROPERTIES,0.0,0.0,0.0,0.0,0,42,0,42,-,-,-,-,-
conference,confof-iasted,COMBINED_Emb,INSTANCES,0.0,0.0,0.0,0.0,0,0,0,0,-,-,-,-,-
conference,edas-iasted,COMBINED_Emb,ALL,0.029315960912052116,0.47368421052631576,0.16666666666666666,0.05521472392638037,9,298,10,307,0,00:00:00,-,-,-
conference,edas-iasted,COMBINED_Emb,CLASSES,0.0379746835443038,0.47368421052631576,0.16666666666666666,0.07031249999999999,9,228,10,237,-,-,-,-,-
conference,edas-iasted,COMBINED_Emb,PROPERTIES,0.0,0.0,0.0,0.0,0,70,0,70,-,-,-,-,-
conference,edas-iasted,COMBINED_Emb,INSTANCES,0.0,0.0,0.0,0.0,0,0,0,0,-,-,-,-,-
anatomy_track,mouse-human-suite,COMBINED_Emb,ALL,0.241051567239636,0.7862796833773087,0.27313769751693,0.3689831295465098,1192,3753,324,4945,0,00:00:00,-,-,-
anatomy_track,mouse-human-suite,COMBINED_Emb,CLASSES,0.24114909973700183,0.7862796833773087,0.27313769751693,0.3690973834958972,1192,3751,324,4943,-,-,-,-,-
anatomy_track,mouse-human-suite,COMBINED_Emb,PROPERTIES,0.0,0.0,0.0,0.0,0,2,0,2,-,-,-,-,-
anatomy_track,mouse-human-suite,COMBINED_Emb,INSTANCES,0.0,0.0,0.0,0.0,0,0,0,0,-,-,-,-,-
conference,cmt-sigkdd,COMBINED_Emb,ALL,0.11,0.9166666666666666,0.75,0.19642857142857142,11,89,1,100,0,00:00:00,-,-,-
conference,cmt-sigkdd,COMBINED_Emb,CLASSES,0.16129032258064516,1.0,1.0,0.27777777777777773,10,52,0,62,-,-,-,-,-
conference,cmt-sigkdd,COMBINED_Emb,PROPERTIES,0.02631578947368421,0.5,0.5,0.05,1,37,1,38,-,-,-,-,-
conference,cmt-sigkdd,COMBINED_Emb,INSTANCES,0.0,0.0,0.0,0.0,0,0,0,0,-,-,-,-,-
largebio,small-fma-nci,COMBINED_Emb,ALL,0.1607781433271349,0.4184661206254654,0.20822752666328084,0.23230339981399192,1124,5867,1562,7113,0,00:00:00,-,-,-
largebio,small-fma-nci,COMBINED_Emb,CLASSES,0.1607781433271349,0.4184661206254654,0.20822752666328084,0.23230339981399192,1124,5867,1562,7113,-,-,-,-,-
largebio,small-fma-nci,COMBINED_Emb,PROPERTIES,0.0,0.0,0.0,0.0,0,0,0,0,-,-,-,-,-
largebio,small-fma-nci,COMBINED_Emb,INSTANCES,0.0,0.0,0.0,0.0,0,0,0,0,-,-,-,-,-
conference,confof-sigkdd,COMBINED_Emb,ALL,0.04195804195804196,0.8571428571428571,0.6666666666666666,0.07999999999999999,6,137,1,143,0,00:00:00,-,-,-
conference,confof-sigkdd,COMBINED_Emb,CLASSES,0.05154639175257732,0.8333333333333334,0.5,0.0970873786407767,5,92,1,97,-,-,-,-,-
conference,confof-sigkdd,COMBINED_Emb,PROPERTIES,0.021739130434782608,1.0,1.0,0.042553191489361694,1,45,0,46,-,-,-,-,-
conference,confof-sigkdd,COMBINED_Emb,INSTANCES,0.0,0.0,0.0,0.0,0,0,0,0,-,-,-,-,-
conference,cmt-conference,COMBINED_Emb,ALL,0.03932584269662921,0.4666666666666667,0.2,0.07253886010362695,7,171,8,178,0,00:00:00,-,-,-
conference,cmt-conference,COMBINED_Emb,CLASSES,0.07792207792207792,0.5,0.25,0.1348314606741573,6,71,6,77,-,-,-,-,-
conference,cmt-conference,COMBINED_Emb,PROPERTIES,0.009900990099009901,0.3333333333333333,0.0,0.019230769230769232,1,100,2,101,-,-,-,-,-
conference,cmt-conference,COMBINED_Emb,INSTANCES,0.0,0.0,0.0,0.0,0,0,0,0,-,-,-,-,-
conference,cmt-confof,COMBINED_Emb,ALL,0.05511811023622047,0.4375,0.1,0.09790209790209789,7,120,9,127,0,00:00:00,-,-,-
conference,cmt-confof,COMBINED_Emb,CLASSES,0.07352941176470588,0.5,0.16666666666666666,0.12820512820512822,5,63,5,68,-,-,-,-,-
conference,cmt-confof,COMBINED_Emb,PROPERTIES,0.03389830508474576,0.3333333333333333,0.0,0.061538461538461535,2,57,4,59,-,-,-,-,-
conference,cmt-confof,COMBINED_Emb,INSTANCES,0.0,0.0,0.0,0.0,0,0,0,0,-,-,-,-,-
conference,conference-sigkdd,COMBINED_Emb,ALL,0.059602649006622516,0.6,0.14285714285714285,0.10843373493975905,9,142,6,151,0,00:00:00,-,-,-
conference,conference-sigkdd,COMBINED_Emb,CLASSES,0.0761904761904762,0.6666666666666666,0.0,0.13675213675213674,8,97,4,105,-,-,-,-,-
conference,conference-sigkdd,COMBINED_Emb,PROPERTIES,0.021739130434782608,0.3333333333333333,0.3333333333333333,0.04081632653061224,1,45,2,46,-,-,-,-,-
conference,conference-sigkdd,COMBINED_Emb,INSTANCES,0.0,0.0,0.0,0.0,0,0,0,0,-,-,-,-,-
conference,conference-confof,COMBINED_Emb,ALL,0.07194244604316546,0.6666666666666666,0.16666666666666666,0.12987012987012986,10,129,5,139,0,00:00:00,-,-,-
conference,conference-confof,COMBINED_Emb,CLASSES,0.08860759493670886,0.6363636363636364,0.0,0.15555555555555556,7,72,4,79,-,-,-,-,-
conference,conference-confof,COMBINED_Emb,PROPERTIES,0.05,0.75,0.5,0.09375000000000001,3,57,1,60,-,-,-,-,-
conference,conference-confof,COMBINED_Emb,INSTANCES,0.0,0.0,0.0,0.0,0,0,0,0,-,-,-,-,-
conference,confof-ekaw,COMBINED_Emb,ALL,0.08527131782945736,0.55,0.1,0.14765100671140938,11,118,9,129,0,00:00:00,-,-,-
conference,confof-ekaw,COMBINED_Emb,CLASSES,0.12359550561797752,0.55,0.1,0.2018348623853211,11,78,9,89,-,-,-,-,-
conference,confof-ekaw,COMBINED_Emb,PROPERTIES,0.0,0.0,0.0,0.0,0,40,0,40,-,-,-,-,-
conference,confof-ekaw,COMBINED_Emb,INSTANCES,0.0,0.0,0.0,0.0,0,0,0,0,-,-,-,-,-
conference,confof-edas,COMBINED_Emb,ALL,0.09316770186335403,0.7894736842105263,0.5,0.16666666666666666,15,146,4,161,0,00:00:00,-,-,-
conference,confof-edas,COMBINED_Emb,CLASSES,0.12371134020618557,0.8571428571428571,0.6,0.21621621621621623,12,85,2,97,-,-,-,-,-
conference,confof-edas,COMBINED_Emb,PROPERTIES,0.046875,0.6,0.3333333333333333,0.08695652173913043,3,61,2,64,-,-,-,-,-
conference,confof-edas,COMBINED_Emb,INSTANCES,0.0,0.0,0.0,0.0,0,0,0,0,-,-,-,-,-
conference,edas-ekaw,COMBINED_Emb,ALL,0.06060606060606061,0.6086956521739131,0.3076923076923077,0.11023622047244097,14,217,9,231,0,00:00:00,-,-,-
conference,edas-ekaw,COMBINED_Emb,CLASSES,0.0755813953488372,0.6842105263157895,0.4,0.13612565445026178,13,159,6,172,-,-,-,-,-
conference,edas-ekaw,COMBINED_Emb,PROPERTIES,0.01694915254237288,0.25,0.0,0.031746031746031744,1,58,3,59,-,-,-,-,-
conference,edas-ekaw,COMBINED_Emb,INSTANCES,0.0,0.0,0.0,0.0,0,0,0,0,-,-,-,-,-
conference,cmt-ekaw,COMBINED_Emb,ALL,0.037267080745341616,0.5454545454545454,0.16666666666666666,0.06976744186046512,6,155,5,161,0,00:00:00,-,-,-
conference,cmt-ekaw,COMBINED_Emb,CLASSES,0.07228915662650602,0.75,0.3333333333333333,0.13186813186813184,6,77,2,83,-,-,-,-,-
conference,cmt-ekaw,COMBINED_Emb,PROPERTIES,0.0,0.0,0.0,0.0,0,78,3,78,-,-,-,-,-
conference,cmt-ekaw,COMBINED_Emb,INSTANCES,0.0,0.0,0.0,0.0,0,0,0,0,-,-,-,-,-
conference,cmt-edas,COMBINED_Emb,ALL,0.04790419161676647,0.6153846153846154,0.0,0.08888888888888889,8,159,5,167,0,00:00:00,-,-,-
conference,cmt-edas,COMBINED_Emb,CLASSES,0.10810810810810811,1.0,0.0,0.1951219512195122,8,66,0,74,-,-,-,-,-
conference,cmt-edas,COMBINED_Emb,PROPERTIES,0.0,0.0,0.0,0.0,0,93,5,93,-,-,-,-,-
conference,cmt-edas,COMBINED_Emb,INSTANCES,0.0,0.0,0.0,0.0,0,0,0,0,-,-,-,-,-
conference,iasted-sigkdd,COMBINED_Emb,ALL,0.06547619047619048,0.7333333333333333,0.0,0.12021857923497267,11,157,4,168,0,00:00:00,-,-,-
conference,iasted-sigkdd,COMBINED_Emb,CLASSES,0.09322033898305085,0.7333333333333333,0.0,0.16541353383458648,11,107,4,118,-,-,-,-,-
conference,iasted-sigkdd,COMBINED_Emb,PROPERTIES,0.0,0.0,0.0,0.0,0,50,0,50,-,-,-,-,-
conference,iasted-sigkdd,COMBINED_Emb,INSTANCES,0.0,0.0,0.0,0.0,0,0,0,0,-,-,-,-,-
conference,conference-iasted,COMBINED_Emb,ALL,0.028925619834710745,0.5,0.3,0.0546875,7,235,7,242,0,00:00:00,-,-,-
conference,conference-iasted,COMBINED_Emb,CLASSES,0.03428571428571429,0.46153846153846156,0.2222222222222222,0.06382978723404255,6,169,7,175,-,-,-,-,-
conference,conference-iasted,COMBINED_Emb,PROPERTIES,0.014925373134328358,1.0,1.0,0.029411764705882353,1,66,0,67,-,-,-,-,-
conference,conference-iasted,COMBINED_Emb,INSTANCES,0.0,0.0,0.0,0.0,0,0,0,0,-,-,-,-,-
conference,conference-ekaw,COMBINED_Emb,ALL,0.06542056074766354,0.56,0.3125,0.11715481171548117,14,200,11,214,0,00:00:00,-,-,-
conference,conference-ekaw,COMBINED_Emb,CLASSES,0.08783783783783784,0.5652173913043478,0.3333333333333333,0.152046783625731,13,135,10,148,-,-,-,-,-
conference,conference-ekaw,COMBINED_Emb,PROPERTIES,0.015151515151515152,0.5,0.0,0.029411764705882356,1,65,1,66,-,-,-,-,-
conference,conference-ekaw,COMBINED_Emb,INSTANCES,0.0,0.0,0.0,0.0,0,0,0,0,-,-,-,-,-
conference,conference-edas,COMBINED_Emb,ALL,0.043824701195219126,0.6470588235294118,0.25,0.08208955223880599,11,240,6,251,0,00:00:00,-,-,-
conference,conference-edas,COMBINED_Emb,CLASSES,0.058823529411764705,0.6428571428571429,0.2857142857142857,0.10778443113772455,9,144,5,153,-,-,-,-,-
conference,conference-edas,COMBINED_Emb,PROPERTIES,0.02040816326530612,0.6666666666666666,0.0,0.0396039603960396,2,96,1,98,-,-,-,-,-
conference,conference-edas,COMBINED_Emb,INSTANCES,0.0,0.0,0.0,0.0,0,0,0,0,-,-,-,-,-
conference,cmt-iasted,COMBINED_Emb,ALL,0.023255813953488372,1.0,0.0,0.04545454545454545,4,168,0,172,0,00:00:00,-,-,-
conference,cmt-iasted,COMBINED_Emb,CLASSES,0.04395604395604396,1.0,0.0,0.08421052631578947,4,87,0,91,-,-,-,-,-
conference,cmt-iasted,COMBINED_Emb,PROPERTIES,0.0,0.0,0.0,0.0,0,81,0,81,-,-,-,-,-
conference,cmt-iasted,COMBINED_Emb,INSTANCES,0.0,0.0,0.0,0.0,0,0,0,0,-,-,-,-,-
conference,ekaw-sigkdd,COMBINED_Emb,ALL,0.05714285714285714,0.7272727272727273,0.25,0.10596026490066225,8,132,3,140,0,00:00:00,-,-,-
conference,ekaw-sigkdd,COMBINED_Emb,CLASSES,0.0761904761904762,0.7272727272727273,0.25,0.13793103448275865,8,97,3,105,-,-,-,-,-
conference,ekaw-sigkdd,COMBINED_Emb,PROPERTIES,0.0,0.0,0.0,0.0,0,35,0,35,-,-,-,-,-
conference,ekaw-sigkdd,COMBINED_Emb,INSTANCES,0.0,0.0,0.0,0.0,0,0,0,0,-,-,-,-,-
conference,edas-sigkdd,COMBINED_Emb,ALL,0.045714285714285714,0.5333333333333333,0.125,0.08421052631578947,8,167,7,175,0,00:00:00,-,-,-
conference,edas-sigkdd,COMBINED_Emb,CLASSES,0.06557377049180328,0.7272727272727273,0.25,0.12030075187969927,8,114,3,122,-,-,-,-,-
conference,edas-sigkdd,COMBINED_Emb,PROPERTIES,0.0,0.0,0.0,0.0,0,53,4,53,-,-,-,-,-
conference,edas-sigkdd,COMBINED_Emb,INSTANCES,0.0,0.0,0.0,0.0,0,0,0,0,-,-,-,-,-
conference,confof-iasted,wordnet_emb,ALL,0.3333333333333333,0.4444444444444444,0.0,0.380952380952381,4,8,5,12,59639369,00:00:00,0.5,SYNONYMY,wordnet_emb
conference,confof-iasted,wordnet_emb,CLASSES,0.4444444444444444,0.4444444444444444,0.0,0.4444444444444444,4,5,5,9,-,-,0.5,SYNONYMY,wordnet_emb
conference,confof-iasted,wordnet_emb,PROPERTIES,0.0,0.0,0.0,0.0,0,3,0,3,-,-,0.5,SYNONYMY,wordnet_emb
conference,confof-iasted,wordnet_emb,INSTANCES,0.0,0.0,0.0,0.0,0,0,0,0,-,-,0.5,SYNONYMY,wordnet_emb
conference,ekaw-iasted,wordnet_emb,ALL,0.375,0.6,0.0,0.4615384615384615,6,10,4,16,97641798,00:00:00,0.5,SYNONYMY,wordnet_emb
conference,ekaw-iasted,wordnet_emb,CLASSES,0.5,0.6,0.0,0.5454545454545454,6,6,4,12,-,-,0.5,SYNONYMY,wordnet_emb
conference,ekaw-iasted,wordnet_emb,PROPERTIES,0.0,0.0,0.0,0.0,0,4,0,4,-,-,0.5,SYNONYMY,wordnet_emb
conference,ekaw-iasted,wordnet_emb,INSTANCES,0.0,0.0,0.0,0.0,0,0,0,0,-,-,0.5,SYNONYMY,wordnet_emb
conference,edas-iasted,wordnet_emb,ALL,0.3333333333333333,0.3684210526315789,0.0,0.35,7,14,12,21,140737890,00:00:00,0.5,SYNONYMY,wordnet_emb
conference,edas-iasted,wordnet_emb,CLASSES,0.4666666666666667,0.3684210526315789,0.0,0.4117647058823529,7,8,12,15,-,-,0.5,SYNONYMY,wordnet_emb
conference,edas-iasted,wordnet_emb,PROPERTIES,0.0,0.0,0.0,0.0,0,6,0,6,-,-,0.5,SYNONYMY,wordnet_emb
conference,edas-iasted,wordnet_emb,INSTANCES,0.0,0.0,0.0,0.0,0,0,0,0,-,-,0.5,SYNONYMY,wordnet_emb
anatomy_track,mouse-human-suite,wordnet_emb,ALL,0.7332878581173261,0.7091029023746702,0.05417607223476298,0.7209926224010731,1075,391,441,1466,30601303430,00:00:30,0.5,SYNONYMY,wordnet_emb
anatomy_track,mouse-human-suite,wordnet_emb,CLASSES,0.7342896174863388,0.7091029023746702,0.05417607223476298,0.721476510067114,1075,389,441,1464,-,-,0.5,SYNONYMY,wordnet_emb
anatomy_track,mouse-human-suite,wordnet_emb,PROPERTIES,0.0,0.0,0.0,0.0,0,2,0,2,-,-,0.5,SYNONYMY,wordnet_emb
anatomy_track,mouse-human-suite,wordnet_emb,INSTANCES,0.0,0.0,0.0,0.0,0,0,0,0,-,-,0.5,SYNONYMY,wordnet_emb
conference,cmt-sigkdd,wordnet_emb,ALL,0.6428571428571429,0.75,0.25,0.6923076923076924,9,5,3,14,80954653,00:00:00,0.5,SYNONYMY,wordnet_emb
conference,cmt-sigkdd,wordnet_emb,CLASSES,0.8,0.8,0.0,0.8000000000000002,8,2,2,10,-,-,0.5,SYNONYMY,wordnet_emb
conference,cmt-sigkdd,wordnet_emb,PROPERTIES,0.25,0.5,0.5,0.3333333333333333,1,3,1,4,-,-,0.5,SYNONYMY,wordnet_emb
conference,cmt-sigkdd,wordnet_emb,INSTANCES,0.0,0.0,0.0,0.0,0,0,0,0,-,-,0.5,SYNONYMY,wordnet_emb
largebio,small-fma-nci,wordnet_emb,ALL,0.6257621951219512,0.3056589724497394,0.05535804977145759,0.4107053526763382,821,491,1865,1400,68442702522,00:01:08,0.5,SYNONYMY,wordnet_emb
largebio,small-fma-nci,wordnet_emb,CLASSES,0.6257621951219512,0.3056589724497394,0.05535804977145759,0.4107053526763382,821,491,1865,1400,-,-,0.5,SYNONYMY,wordnet_emb
largebio,small-fma-nci,wordnet_emb,PROPERTIES,0.0,0.0,0.0,0.0,0,0,0,0,-,-,0.5,SYNONYMY,wordnet_emb
largebio,small-fma-nci,wordnet_emb,INSTANCES,0.0,0.0,0.0,0.0,0,0,0,0,-,-,0.5,SYNONYMY,wordnet_emb
conference,confof-sigkdd,wordnet_emb,ALL,0.5555555555555556,0.7142857142857143,0.3333333333333333,0.6250000000000001,5,4,2,9,30464453,00:00:00,0.5,SYNONYMY,wordnet_emb
conference,confof-sigkdd,wordnet_emb,CLASSES,0.5714285714285714,0.6666666666666666,0.0,0.6153846153846153,4,3,2,7,-,-,0.5,SYNONYMY,wordnet_emb
conference,confof-sigkdd,wordnet_emb,PROPERTIES,0.5,1.0,1.0,0.6666666666666666,1,1,0,2,-,-,0.5,SYNONYMY,wordnet_emb
conference,confof-sigkdd,wordnet_emb,INSTANCES,0.0,0.0,0.0,0.0,0,0,0,0,-,-,0.5,SYNONYMY,wordnet_emb
conference,cmt-conference,wordnet_emb,ALL,0.45454545454545453,0.3333333333333333,0.0,0.3846153846153846,5,6,10,11,3234283178,00:00:03,0.5,SYNONYMY,wordnet_emb
conference,cmt-conference,wordnet_emb,CLASSES,0.5,0.3333333333333333,0.0,0.4,4,4,8,8,-,-,0.5,SYNONYMY,wordnet_emb
conference,cmt-conference,wordnet_emb,PROPERTIES,0.3333333333333333,0.3333333333333333,0.0,0.3333333333333333,1,2,2,3,-,-,0.5,SYNONYMY,wordnet_emb
conference,cmt-conference,wordnet_emb,INSTANCES,0.0,0.0,0.0,0.0,0,0,0,0,-,-,0.5,SYNONYMY,wordnet_emb
conference,cmt-confof,wordnet_emb,ALL,0.38461538461538464,0.3125,0.0,0.3448275862068966,5,8,11,13,135199532,00:00:00,0.5,SYNONYMY,wordnet_emb
conference,cmt-confof,wordnet_emb,CLASSES,0.375,0.3,0.0,0.33333333333333326,3,5,7,8,-,-,0.5,SYNONYMY,wordnet_emb
conference,cmt-confof,wordnet_emb,PROPERTIES,0.4,0.3333333333333333,0.0,0.3636363636363636,2,3,4,5,-,-,0.5,SYNONYMY,wordnet_emb
conference,cmt-confof,wordnet_emb,INSTANCES,0.0,0.0,0.0,0.0,0,0,0,0,-,-,0.5,SYNONYMY,wordnet_emb
conference,conference-confof,wordnet_emb,ALL,0.7142857142857143,0.6666666666666666,0.16666666666666666,0.689655172413793,10,4,5,14,50259980,00:00:00,0.5,SYNONYMY,wordnet_emb
conference,conference-confof,wordnet_emb,CLASSES,0.7777777777777778,0.6363636363636364,0.0,0.7000000000000001,7,2,4,9,-,-,0.5,SYNONYMY,wordnet_emb
conference,conference-confof,wordnet_emb,PROPERTIES,0.6,0.75,0.5,0.6666666666666665,3,2,1,5,-,-,0.5,SYNONYMY,wordnet_emb
conference,conference-confof,wordnet_emb,INSTANCES,0.0,0.0,0.0,0.0,0,0,0,0,-,-,0.5,SYNONYMY,wordnet_emb
conference,conference-sigkdd,wordnet_emb,ALL,0.6428571428571429,0.6,0.14285714285714285,0.6206896551724138,9,5,6,14,47724049,00:00:00,0.5,SYNONYMY,wordnet_emb
conference,conference-sigkdd,wordnet_emb,CLASSES,0.7272727272727273,0.6666666666666666,0.0,0.6956521739130435,8,3,4,11,-,-,0.5,SYNONYMY,wordnet_emb
conference,conference-sigkdd,wordnet_emb,PROPERTIES,0.3333333333333333,0.3333333333333333,0.3333333333333333,0.3333333333333333,1,2,2,3,-,-,0.5,SYNONYMY,wordnet_emb
conference,conference-sigkdd,wordnet_emb,INSTANCES,0.0,0.0,0.0,0.0,0,0,0,0,-,-,0.5,SYNONYMY,wordnet_emb
conference,confof-ekaw,wordnet_emb,ALL,0.6875,0.55,0.1,0.6111111111111112,11,5,9,16,32814933,00:00:00,0.5,SYNONYMY,wordnet_emb
conference,confof-ekaw,wordnet_emb,CLASSES,0.8461538461538461,0.55,0.1,0.6666666666666667,11,2,9,13,-,-,0.5,SYNONYMY,wordnet_emb
conference,confof-ekaw,wordnet_emb,PROPERTIES,0.0,0.0,0.0,0.0,0,3,0,3,-,-,0.5,SYNONYMY,wordnet_emb
conference,confof-ekaw,wordnet_emb,INSTANCES,0.0,0.0,0.0,0.0,0,0,0,0,-,-,0.5,SYNONYMY,wordnet_emb
conference,confof-edas,wordnet_emb,ALL,0.56,0.7368421052631579,0.375,0.6363636363636364,14,11,5,25,48627428,00:00:00,0.5,SYNONYMY,wordnet_emb
conference,confof-edas,wordnet_emb,CLASSES,0.7333333333333333,0.7857142857142857,0.4,0.7586206896551724,11,4,3,15,-,-,0.5,SYNONYMY,wordnet_emb
conference,confof-edas,wordnet_emb,PROPERTIES,0.3,0.6,0.3333333333333333,0.4,3,7,2,10,-,-,0.5,SYNONYMY,wordnet_emb
conference,confof-edas,wordnet_emb,INSTANCES,0.0,0.0,0.0,0.0,0,0,0,0,-,-,0.5,SYNONYMY,wordnet_emb
conference,cmt-ekaw,wordnet_emb,ALL,0.5,0.45454545454545453,0.0,0.47619047619047616,5,5,6,10,125430527,00:00:00,0.5,SYNONYMY,wordnet_emb
conference,cmt-ekaw,wordnet_emb,CLASSES,0.8333333333333334,0.625,0.0,0.7142857142857143,5,1,3,6,-,-,0.5,SYNONYMY,wordnet_emb
conference,cmt-ekaw,wordnet_emb,PROPERTIES,0.0,0.0,0.0,0.0,0,4,3,4,-,-,0.5,SYNONYMY,wordnet_emb
conference,cmt-ekaw,wordnet_emb,INSTANCES,0.0,0.0,0.0,0.0,0,0,0,0,-,-,0.5,SYNONYMY,wordnet_emb
conference,edas-ekaw,wordnet_emb,ALL,0.6,0.5217391304347826,0.15384615384615385,0.5581395348837209,12,8,11,20,84704753,00:00:00,0.5,SYNONYMY,wordnet_emb
conference,edas-ekaw,wordnet_emb,CLASSES,0.6470588235294118,0.5789473684210527,0.2,0.6111111111111113,11,6,8,17,-,-,0.5,SYNONYMY,wordnet_emb
conference,edas-ekaw,wordnet_emb,PROPERTIES,0.3333333333333333,0.25,0.0,0.28571428571428575,1,2,3,3,-,-,0.5,SYNONYMY,wordnet_emb
conference,edas-ekaw,wordnet_emb,INSTANCES,0.0,0.0,0.0,0.0,0,0,0,0,-,-,0.5,SYNONYMY,wordnet_emb
conference,iasted-sigkdd,wordnet_emb,ALL,0.44,0.7333333333333333,0.0,0.5499999999999999,11,14,4,25,63778026,00:00:00,0.5,SYNONYMY,wordnet_emb
conference,iasted-sigkdd,wordnet_emb,CLASSES,0.6875,0.7333333333333333,0.0,0.7096774193548386,11,5,4,16,-,-,0.5,SYNONYMY,wordnet_emb
conference,iasted-sigkdd,wordnet_emb,PROPERTIES,0.0,0.0,0.0,0.0,0,9,0,9,-,-,0.5,SYNONYMY,wordnet_emb
conference,iasted-sigkdd,wordnet_emb,INSTANCES,0.0,0.0,0.0,0.0,0,0,0,0,-,-,0.5,SYNONYMY,wordnet_emb
conference,cmt-edas,wordnet_emb,ALL,0.6666666666666666,0.6153846153846154,0.0,0.64,8,4,5,12,446075592,00:00:00,0.5,SYNONYMY,wordnet_emb
conference,cmt-edas,wordnet_emb,CLASSES,0.8888888888888888,1.0,0.0,0.9411764705882353,8,1,0,9,-,-,0.5,SYNONYMY,wordnet_emb
conference,cmt-edas,wordnet_emb,PROPERTIES,0.0,0.0,0.0,0.0,0,3,5,3,-,-,0.5,SYNONYMY,wordnet_emb
conference,cmt-edas,wordnet_emb,INSTANCES,0.0,0.0,0.0,0.0,0,0,0,0,-,-,0.5,SYNONYMY,wordnet_emb
conference,conference-iasted,wordnet_emb,ALL,0.3333333333333333,0.2857142857142857,0.0,0.30769230769230765,4,8,10,12,105578287,00:00:00,0.5,SYNONYMY,wordnet_emb
conference,conference-iasted,wordnet_emb,CLASSES,0.4,0.3076923076923077,0.0,0.34782608695652173,4,6,9,10,-,-,0.5,SYNONYMY,wordnet_emb
conference,conference-iasted,wordnet_emb,PROPERTIES,0.0,0.0,0.0,0.0,0,2,1,2,-,-,0.5,SYNONYMY,wordnet_emb
conference,conference-iasted,wordnet_emb,INSTANCES,0.0,0.0,0.0,0.0,0,0,0,0,-,-,0.5,SYNONYMY,wordnet_emb
conference,conference-ekaw,wordnet_emb,ALL,0.5882352941176471,0.4,0.0625,0.4761904761904762,10,7,15,17,68871922,00:00:00,0.5,SYNONYMY,wordnet_emb
conference,conference-ekaw,wordnet_emb,CLASSES,0.6,0.391304347826087,0.06666666666666667,0.47368421052631576,9,6,14,15,-,-,0.5,SYNONYMY,wordnet_emb
conference,conference-ekaw,wordnet_emb,PROPERTIES,0.5,0.5,0.0,0.5,1,1,1,2,-,-,0.5,SYNONYMY,wordnet_emb
conference,conference-ekaw,wordnet_emb,INSTANCES,0.0,0.0,0.0,0.0,0,0,0,0,-,-,0.5,SYNONYMY,wordnet_emb
conference,conference-edas,wordnet_emb,ALL,0.4090909090909091,0.5294117647058824,0.0,0.46153846153846156,9,13,8,22,85713530,00:00:00,0.5,SYNONYMY,wordnet_emb
conference,conference-edas,wordnet_emb,CLASSES,0.5,0.5,0.0,0.5,7,7,7,14,-,-,0.5,SYNONYMY,wordnet_emb
conference,conference-edas,wordnet_emb,PROPERTIES,0.25,0.6666666666666666,0.0,0.36363636363636365,2,6,1,8,-,-,0.5,SYNONYMY,wordnet_emb
conference,conference-edas,wordnet_emb,INSTANCES,0.0,0.0,0.0,0.0,0,0,0,0,-,-,0.5,SYNONYMY,wordnet_emb
conference,ekaw-sigkdd,wordnet_emb,ALL,0.7,0.6363636363636364,0.0,0.6666666666666666,7,3,4,10,41491737,00:00:00,0.5,SYNONYMY,wordnet_emb
conference,ekaw-sigkdd,wordnet_emb,CLASSES,0.7777777777777778,0.6363636363636364,0.0,0.7000000000000001,7,2,4,9,-,-,0.5,SYNONYMY,wordnet_emb
conference,ekaw-sigkdd,wordnet_emb,PROPERTIES,0.0,0.0,0.0,0.0,0,1,0,1,-,-,0.5,SYNONYMY,wordnet_emb
conference,ekaw-sigkdd,wordnet_emb,INSTANCES,0.0,0.0,0.0,0.0,0,0,0,0,-,-,0.5,SYNONYMY,wordnet_emb
conference,cmt-iasted,wordnet_emb,ALL,0.26666666666666666,1.0,0.0,0.4210526315789474,4,11,0,15,279897123,00:00:00,0.5,SYNONYMY,wordnet_emb
conference,cmt-iasted,wordnet_emb,CLASSES,0.5,1.0,0.0,0.6666666666666666,4,4,0,8,-,-,0.5,SYNONYMY,wordnet_emb
conference,cmt-iasted,wordnet_emb,PROPERTIES,0.0,0.0,0.0,0.0,0,7,0,7,-,-,0.5,SYNONYMY,wordnet_emb
conference,cmt-iasted,wordnet_emb,INSTANCES,0.0,0.0,0.0,0.0,0,0,0,0,-,-,0.5,SYNONYMY,wordnet_emb
conference,edas-sigkdd,wordnet_emb,ALL,0.5384615384615384,0.4666666666666667,0.0,0.5,7,6,8,13,68720279,00:00:00,0.5,SYNONYMY,wordnet_emb
conference,edas-sigkdd,wordnet_emb,CLASSES,0.7,0.6363636363636364,0.0,0.6666666666666666,7,3,4,10,-,-,0.5,SYNONYMY,wordnet_emb
conference,edas-sigkdd,wordnet_emb,PROPERTIES,0.0,0.0,0.0,0.0,0,3,4,3,-,-,0.5,SYNONYMY,wordnet_emb
conference,edas-sigkdd,wordnet_emb,INSTANCES,0.0,0.0,0.0,0.0,0,0,0,0,-,-,0.5,SYNONYMY,wordnet_emb
conference,ekaw-iasted,babelnet_emb,ALL,0.08955223880597014,0.6,0.0,0.1558441558441558,6,61,4,67,247473315,00:00:00,0.5,SYNONYMY,babelnet_emb
conference,ekaw-iasted,babelnet_emb,CLASSES,0.12,0.6,0.0,0.19999999999999998,6,44,4,50,-,-,0.5,SYNONYMY,babelnet_emb
conference,ekaw-iasted,babelnet_emb,PROPERTIES,0.0,0.0,0.0,0.0,0,17,0,17,-,-,0.5,SYNONYMY,babelnet_emb
conference,ekaw-iasted,babelnet_emb,INSTANCES,0.0,0.0,0.0,0.0,0,0,0,0,-,-,0.5,SYNONYMY,babelnet_emb
conference,confof-iasted,babelnet_emb,ALL,0.08888888888888889,0.4444444444444444,0.0,0.14814814814814814,4,41,5,45,159992475,00:00:00,0.5,SYNONYMY,babelnet_emb
conference,confof-iasted,babelnet_emb,CLASSES,0.10810810810810811,0.4444444444444444,0.0,0.17391304347826086,4,33,5,37,-,-,0.5,SYNONYMY,babelnet_emb
conference,confof-iasted,babelnet_emb,PROPERTIES,0.0,0.0,0.0,0.0,0,8,0,8,-,-,0.5,SYNONYMY,babelnet_emb
conference,confof-iasted,babelnet_emb,INSTANCES,0.0,0.0,0.0,0.0,0,0,0,0,-,-,0.5,SYNONYMY,babelnet_emb
conference,edas-iasted,babelnet_emb,ALL,0.08045977011494253,0.3684210526315789,0.0,0.1320754716981132,7,80,12,87,322751676,00:00:00,0.5,SYNONYMY,babelnet_emb
conference,edas-iasted,babelnet_emb,CLASSES,0.09859154929577464,0.3684210526315789,0.0,0.15555555555555553,7,64,12,71,-,-,0.5,SYNONYMY,babelnet_emb
conference,edas-iasted,babelnet_emb,PROPERTIES,0.0,0.0,0.0,0.0,0,16,0,16,-,-,0.5,SYNONYMY,babelnet_emb
conference,edas-iasted,babelnet_emb,INSTANCES,0.0,0.0,0.0,0.0,0,0,0,0,-,-,0.5,SYNONYMY,babelnet_emb
anatomy_track,mouse-human-suite,babelnet_emb,ALL,0.5141187925998053,0.6965699208443272,0.01805869074492099,0.5915966386554623,1056,998,460,2054,91761419659,00:01:31,0.5,SYNONYMY,babelnet_emb
anatomy_track,mouse-human-suite,babelnet_emb,CLASSES,0.5146198830409356,0.6965699208443272,0.01805869074492099,0.5919282511210763,1056,996,460,2052,-,-,0.5,SYNONYMY,babelnet_emb
anatomy_track,mouse-human-suite,babelnet_emb,PROPERTIES,0.0,0.0,0.0,0.0,0,2,0,2,-,-,0.5,SYNONYMY,babelnet_emb
anatomy_track,mouse-human-suite,babelnet_emb,INSTANCES,0.0,0.0,0.0,0.0,0,0,0,0,-,-,0.5,SYNONYMY,babelnet_emb
conference,cmt-sigkdd,babelnet_emb,ALL,0.24324324324324326,0.75,0.25,0.3673469387755103,9,28,3,37,110437494,00:00:00,0.5,SYNONYMY,babelnet_emb
conference,cmt-sigkdd,babelnet_emb,CLASSES,0.32,0.8,0.0,0.45714285714285713,8,17,2,25,-,-,0.5,SYNONYMY,babelnet_emb
conference,cmt-sigkdd,babelnet_emb,PROPERTIES,0.08333333333333333,0.5,0.5,0.14285714285714285,1,11,1,12,-,-,0.5,SYNONYMY,babelnet_emb
conference,cmt-sigkdd,babelnet_emb,INSTANCES,0.0,0.0,0.0,0.0,0,0,0,0,-,-,0.5,SYNONYMY,babelnet_emb
largebio,small-fma-nci,babelnet_emb,ALL,0.3118790496760259,0.268801191362621,0.0045708481462671405,0.28874225154969,722,1593,1964,2398,257704212592,00:04:17,0.5,SYNONYMY,babelnet_emb
largebio,small-fma-nci,babelnet_emb,CLASSES,0.3118790496760259,0.268801191362621,0.0045708481462671405,0.28874225154969,722,1593,1964,2398,-,-,0.5,SYNONYMY,babelnet_emb
largebio,small-fma-nci,babelnet_emb,PROPERTIES,0.0,0.0,0.0,0.0,0,0,0,0,-,-,0.5,SYNONYMY,babelnet_emb
largebio,small-fma-nci,babelnet_emb,INSTANCES,0.0,0.0,0.0,0.0,0,0,0,0,-,-,0.5,SYNONYMY,babelnet_emb
conference,confof-sigkdd,babelnet_emb,ALL,0.13157894736842105,0.7142857142857143,0.3333333333333333,0.2222222222222222,5,33,2,38,59296408,00:00:00,0.5,SYNONYMY,babelnet_emb
conference,confof-sigkdd,babelnet_emb,CLASSES,0.19230769230769232,0.8333333333333334,0.5,0.3125,5,21,1,26,-,-,0.5,SYNONYMY,babelnet_emb
conference,confof-sigkdd,babelnet_emb,PROPERTIES,0.0,0.0,0.0,0.0,0,12,1,12,-,-,0.5,SYNONYMY,babelnet_emb
conference,confof-sigkdd,babelnet_emb,INSTANCES,0.0,0.0,0.0,0.0,0,0,0,0,-,-,0.5,SYNONYMY,babelnet_emb
conference,cmt-conference,babelnet_emb,ALL,0.09090909090909091,0.3333333333333333,0.0,0.14285714285714288,5,50,10,55,1715820366,00:00:01,0.5,SYNONYMY,babelnet_emb
conference,cmt-conference,babelnet_emb,CLASSES,0.14814814814814814,0.3333333333333333,0.0,0.20512820512820512,4,23,8,27,-,-,0.5,SYNONYMY,babelnet_emb
conference,cmt-conference,babelnet_emb,PROPERTIES,0.03571428571428571,0.3333333333333333,0.0,0.06451612903225806,1,27,2,28,-,-,0.5,SYNONYMY,babelnet_emb
conference,cmt-conference,babelnet_emb,INSTANCES,0.0,0.0,0.0,0.0,0,0,0,0,-,-,0.5,SYNONYMY,babelnet_emb
conference,cmt-confof,babelnet_emb,ALL,0.12195121951219512,0.3125,0.0,0.17543859649122806,5,36,11,41,191527363,00:00:00,0.5,SYNONYMY,babelnet_emb
conference,cmt-confof,babelnet_emb,CLASSES,0.17391304347826086,0.4,0.0,0.24242424242424243,4,19,6,23,-,-,0.5,SYNONYMY,babelnet_emb
conference,cmt-confof,babelnet_emb,PROPERTIES,0.05555555555555555,0.16666666666666666,0.0,0.08333333333333333,1,17,5,18,-,-,0.5,SYNONYMY,babelnet_emb
conference,cmt-confof,babelnet_emb,INSTANCES,0.0,0.0,0.0,0.0,0,0,0,0,-,-,0.5,SYNONYMY,babelnet_emb
conference,conference-confof,babelnet_emb,ALL,0.1836734693877551,0.6,0.0,0.28125,9,40,6,49,96178726,00:00:00,0.5,SYNONYMY,babelnet_emb
conference,conference-confof,babelnet_emb,CLASSES,0.23333333333333334,0.6363636363636364,0.0,0.34146341463414637,7,23,4,30,-,-,0.5,SYNONYMY,babelnet_emb
conference,conference-confof,babelnet_emb,PROPERTIES,0.10526315789473684,0.5,0.0,0.17391304347826086,2,17,2,19,-,-,0.5,SYNONYMY,babelnet_emb
conference,conference-confof,babelnet_emb,INSTANCES,0.0,0.0,0.0,0.0,0,0,0,0,-,-,0.5,SYNONYMY,babelnet_emb
conference,conference-sigkdd,babelnet_emb,ALL,0.15384615384615385,0.5333333333333333,0.0,0.23880597014925373,8,44,7,52,133256704,00:00:00,0.5,SYNONYMY,babelnet_emb
conference,conference-sigkdd,babelnet_emb,CLASSES,0.2222222222222222,0.6666666666666666,0.0,0.3333333333333333,8,28,4,36,-,-,0.5,SYNONYMY,babelnet_emb
conference,conference-sigkdd,babelnet_emb,PROPERTIES,0.0,0.0,0.0,0.0,0,16,3,16,-,-,0.5,SYNONYMY,babelnet_emb
conference,conference-sigkdd,babelnet_emb,INSTANCES,0.0,0.0,0.0,0.0,0,0,0,0,-,-,0.5,SYNONYMY,babelnet_emb
conference,confof-ekaw,babelnet_emb,ALL,0.25,0.5,0.0,0.3333333333333333,10,30,10,40,65213541,00:00:00,0.5,SYNONYMY,babelnet_emb
conference,confof-ekaw,babelnet_emb,CLASSES,0.3448275862068966,0.5,0.0,0.40816326530612246,10,19,10,29,-,-,0.5,SYNONYMY,babelnet_emb
conference,confof-ekaw,babelnet_emb,PROPERTIES,0.0,0.0,0.0,0.0,0,11,0,11,-,-,0.5,SYNONYMY,babelnet_emb
conference,confof-ekaw,babelnet_emb,INSTANCES,0.0,0.0,0.0,0.0,0,0,0,0,-,-,0.5,SYNONYMY,babelnet_emb
conference,confof-edas,babelnet_emb,ALL,0.19298245614035087,0.5789473684210527,0.0,0.2894736842105263,11,46,8,57,84891624,00:00:00,0.5,SYNONYMY,babelnet_emb
conference,confof-edas,babelnet_emb,CLASSES,0.2727272727272727,0.6428571428571429,0.0,0.3829787234042553,9,24,5,33,-,-,0.5,SYNONYMY,babelnet_emb
conference,confof-edas,babelnet_emb,PROPERTIES,0.08333333333333333,0.4,0.0,0.13793103448275862,2,22,3,24,-,-,0.5,SYNONYMY,babelnet_emb
conference,confof-edas,babelnet_emb,INSTANCES,0.0,0.0,0.0,0.0,0,0,0,0,-,-,0.5,SYNONYMY,babelnet_emb
conference,edas-ekaw,babelnet_emb,ALL,0.1267605633802817,0.391304347826087,0.0,0.19148936170212766,9,62,14,71,195595460,00:00:00,0.5,SYNONYMY,babelnet_emb
conference,edas-ekaw,babelnet_emb,CLASSES,0.17647058823529413,0.47368421052631576,0.0,0.2571428571428572,9,42,10,51,-,-,0.5,SYNONYMY,babelnet_emb
conference,edas-ekaw,babelnet_emb,PROPERTIES,0.0,0.0,0.0,0.0,0,20,4,20,-,-,0.5,SYNONYMY,babelnet_emb
conference,edas-ekaw,babelnet_emb,INSTANCES,0.0,0.0,0.0,0.0,0,0,0,0,-,-,0.5,SYNONYMY,babelnet_emb
conference,cmt-ekaw,babelnet_emb,ALL,0.09803921568627451,0.45454545454545453,0.0,0.16129032258064516,5,46,6,51,224168028,00:00:00,0.5,SYNONYMY,babelnet_emb
conference,cmt-ekaw,babelnet_emb,CLASSES,0.18518518518518517,0.625,0.0,0.2857142857142857,5,22,3,27,-,-,0.5,SYNONYMY,babelnet_emb
conference,cmt-ekaw,babelnet_emb,PROPERTIES,0.0,0.0,0.0,0.0,0,24,3,24,-,-,0.5,SYNONYMY,babelnet_emb
conference,cmt-ekaw,babelnet_emb,INSTANCES,0.0,0.0,0.0,0.0,0,0,0,0,-,-,0.5,SYNONYMY,babelnet_emb
conference,iasted-sigkdd,babelnet_emb,ALL,0.1896551724137931,0.7333333333333333,0.0,0.30136986301369867,11,47,4,58,137698641,00:00:00,0.5,SYNONYMY,babelnet_emb
conference,iasted-sigkdd,babelnet_emb,CLASSES,0.2619047619047619,0.7333333333333333,0.0,0.38596491228070173,11,31,4,42,-,-,0.5,SYNONYMY,babelnet_emb
conference,iasted-sigkdd,babelnet_emb,PROPERTIES,0.0,0.0,0.0,0.0,0,16,0,16,-,-,0.5,SYNONYMY,babelnet_emb
conference,iasted-sigkdd,babelnet_emb,INSTANCES,0.0,0.0,0.0,0.0,0,0,0,0,-,-,0.5,SYNONYMY,babelnet_emb
conference,cmt-edas,babelnet_emb,ALL,0.12962962962962962,0.5384615384615384,0.0,0.208955223880597,7,47,6,54,284889557,00:00:00,0.5,SYNONYMY,babelnet_emb
conference,cmt-edas,babelnet_emb,CLASSES,0.2692307692307692,0.875,0.0,0.411764705882353,7,19,1,26,-,-,0.5,SYNONYMY,babelnet_emb
conference,cmt-edas,babelnet_emb,PROPERTIES,0.0,0.0,0.0,0.0,0,28,5,28,-,-,0.5,SYNONYMY,babelnet_emb
conference,cmt-edas,babelnet_emb,INSTANCES,0.0,0.0,0.0,0.0,0,0,0,0,-,-,0.5,SYNONYMY,babelnet_emb
conference,conference-iasted,babelnet_emb,ALL,0.06896551724137931,0.2857142857142857,0.0,0.1111111111111111,4,54,10,58,255038825,00:00:00,0.5,SYNONYMY,babelnet_emb
conference,conference-iasted,babelnet_emb,CLASSES,0.0851063829787234,0.3076923076923077,0.0,0.13333333333333333,4,43,9,47,-,-,0.5,SYNONYMY,babelnet_emb
conference,conference-iasted,babelnet_emb,PROPERTIES,0.0,0.0,0.0,0.0,0,11,1,11,-,-,0.5,SYNONYMY,babelnet_emb
conference,conference-iasted,babelnet_emb,INSTANCES,0.0,0.0,0.0,0.0,0,0,0,0,-,-,0.5,SYNONYMY,babelnet_emb
conference,conference-ekaw,babelnet_emb,ALL,0.14516129032258066,0.36,0.0,0.20689655172413796,9,53,16,62,162002318,00:00:00,0.5,SYNONYMY,babelnet_emb
conference,conference-ekaw,babelnet_emb,CLASSES,0.17391304347826086,0.34782608695652173,0.0,0.23188405797101447,8,38,15,46,-,-,0.5,SYNONYMY,babelnet_emb
conference,conference-ekaw,babelnet_emb,PROPERTIES,0.0625,0.5,0.0,0.1111111111111111,1,15,1,16,-,-,0.5,SYNONYMY,babelnet_emb
conference,conference-ekaw,babelnet_emb,INSTANCES,0.0,0.0,0.0,0.0,0,0,0,0,-,-,0.5,SYNONYMY,babelnet_emb
conference,conference-edas,babelnet_emb,ALL,0.13636363636363635,0.5294117647058824,0.0,0.21686746987951808,9,57,8,66,223832476,00:00:00,0.5,SYNONYMY,babelnet_emb
conference,conference-edas,babelnet_emb,CLASSES,0.16666666666666666,0.5,0.0,0.25,7,35,7,42,-,-,0.5,SYNONYMY,babelnet_emb
conference,conference-edas,babelnet_emb,PROPERTIES,0.08333333333333333,0.6666666666666666,0.0,0.14814814814814814,2,22,1,24,-,-,0.5,SYNONYMY,babelnet_emb
conference,conference-edas,babelnet_emb,INSTANCES,0.0,0.0,0.0,0.0,0,0,0,0,-,-,0.5,SYNONYMY,babelnet_emb
conference,cmt-iasted,babelnet_emb,ALL,0.06976744186046512,0.75,0.0,0.1276595744680851,3,40,1,43,430375604,00:00:00,0.5,SYNONYMY,babelnet_emb
conference,cmt-iasted,babelnet_emb,CLASSES,0.11538461538461539,0.75,0.0,0.19999999999999998,3,23,1,26,-,-,0.5,SYNONYMY,babelnet_emb
conference,cmt-iasted,babelnet_emb,PROPERTIES,0.0,0.0,0.0,0.0,0,17,0,17,-,-,0.5,SYNONYMY,babelnet_emb
conference,cmt-iasted,babelnet_emb,INSTANCES,0.0,0.0,0.0,0.0,0,0,0,0,-,-,0.5,SYNONYMY,babelnet_emb
conference,ekaw-sigkdd,babelnet_emb,ALL,0.1590909090909091,0.6363636363636364,0.0,0.2545454545454546,7,37,4,44,81518738,00:00:00,0.5,SYNONYMY,babelnet_emb
conference,ekaw-sigkdd,babelnet_emb,CLASSES,0.19444444444444445,0.6363636363636364,0.0,0.29787234042553196,7,29,4,36,-,-,0.5,SYNONYMY,babelnet_emb
conference,ekaw-sigkdd,babelnet_emb,PROPERTIES,0.0,0.0,0.0,0.0,0,8,0,8,-,-,0.5,SYNONYMY,babelnet_emb
conference,ekaw-sigkdd,babelnet_emb,INSTANCES,0.0,0.0,0.0,0.0,0,0,0,0,-,-,0.5,SYNONYMY,babelnet_emb
conference,edas-sigkdd,babelnet_emb,ALL,0.125,0.4666666666666667,0.0,0.19718309859154928,7,49,8,56,176276859,00:00:00,0.5,SYNONYMY,babelnet_emb
conference,edas-sigkdd,babelnet_emb,CLASSES,0.175,0.6363636363636364,0.0,0.27450980392156865,7,33,4,40,-,-,0.5,SYNONYMY,babelnet_emb
conference,edas-sigkdd,babelnet_emb,PROPERTIES,0.0,0.0,0.0,0.0,0,16,4,16,-,-,0.5,SYNONYMY,babelnet_emb
conference,edas-sigkdd,babelnet_emb,INSTANCES,0.0,0.0,0.0,0.0,0,0,0,0,-,-,0.5,SYNONYMY,babelnet_emb
conference,ekaw-iasted,wiktionary_emb,ALL,0.16216216216216217,0.6,0.0,0.25531914893617025,6,31,4,37,524231803,00:00:00,0.5,SYNONYMY,wiktionary_emb
conference,ekaw-iasted,wiktionary_emb,CLASSES,0.23076923076923078,0.6,0.0,0.33333333333333337,6,20,4,26,-,-,0.5,SYNONYMY,wiktionary_emb
conference,ekaw-iasted,wiktionary_emb,PROPERTIES,0.0,0.0,0.0,0.0,0,11,0,11,-,-,0.5,SYNONYMY,wiktionary_emb
conference,ekaw-iasted,wiktionary_emb,INSTANCES,0.0,0.0,0.0,0.0,0,0,0,0,-,-,0.5,SYNONYMY,wiktionary_emb
conference,confof-iasted,wiktionary_emb,ALL,0.20833333333333334,0.5555555555555556,0.2,0.30303030303030304,5,19,4,24,61738987,00:00:00,0.5,SYNONYMY,wiktionary_emb
conference,confof-iasted,wiktionary_emb,CLASSES,0.2631578947368421,0.5555555555555556,0.2,0.35714285714285715,5,14,4,19,-,-,0.5,SYNONYMY,wiktionary_emb
conference,confof-iasted,wiktionary_emb,PROPERTIES,0.0,0.0,0.0,0.0,0,5,0,5,-,-,0.5,SYNONYMY,wiktionary_emb
conference,confof-iasted,wiktionary_emb,INSTANCES,0.0,0.0,0.0,0.0,0,0,0,0,-,-,0.5,SYNONYMY,wiktionary_emb
conference,edas-iasted,wiktionary_emb,ALL,0.19444444444444445,0.3684210526315789,0.0,0.2545454545454545,7,29,12,36,125719209,00:00:00,0.5,SYNONYMY,wiktionary_emb
conference,edas-iasted,wiktionary_emb,CLASSES,0.2692307692307692,0.3684210526315789,0.0,0.3111111111111111,7,19,12,26,-,-,0.5,SYNONYMY,wiktionary_emb
conference,edas-iasted,wiktionary_emb,PROPERTIES,0.0,0.0,0.0,0.0,0,10,0,10,-,-,0.5,SYNONYMY,wiktionary_emb
conference,edas-iasted,wiktionary_emb,INSTANCES,0.0,0.0,0.0,0.0,0,0,0,0,-,-,0.5,SYNONYMY,wiktionary_emb
anatomy_track,mouse-human-suite,wiktionary_emb,ALL,0.6440168370414913,0.7064643799472295,0.03837471783295711,0.6737967914438503,1071,592,445,1663,30302418215,00:00:30,0.5,SYNONYMY,wiktionary_emb
anatomy_track,mouse-human-suite,wiktionary_emb,CLASSES,0.6447922937989163,0.7064643799472295,0.03837471783295711,0.6742209631728046,1071,590,445,1661,-,-,0.5,SYNONYMY,wiktionary_emb
anatomy_track,mouse-human-suite,wiktionary_emb,PROPERTIES,0.0,0.0,0.0,0.0,0,2,0,2,-,-,0.5,SYNONYMY,wiktionary_emb
anatomy_track,mouse-human-suite,wiktionary_emb,INSTANCES,0.0,0.0,0.0,0.0,0,0,0,0,-,-,0.5,SYNONYMY,wiktionary_emb
conference,cmt-sigkdd,wiktionary_emb,ALL,0.375,0.75,0.5,0.5,9,15,3,24,139191511,00:00:00,0.5,SYNONYMY,wiktionary_emb
conference,cmt-sigkdd,wiktionary_emb,CLASSES,0.5333333333333333,0.8,0.5,0.64,8,7,2,15,-,-,0.5,SYNONYMY,wiktionary_emb
conference,cmt-sigkdd,wiktionary_emb,PROPERTIES,0.1111111111111111,0.5,0.5,0.1818181818181818,1,8,1,9,-,-,0.5,SYNONYMY,wiktionary_emb
conference,cmt-sigkdd,wiktionary_emb,INSTANCES,0.0,0.0,0.0,0.0,0,0,0,0,-,-,0.5,SYNONYMY,wiktionary_emb
largebio,small-fma-nci,wiktionary_emb,ALL,0.4767879548306148,0.28294862248696945,0.023869984763839513,0.3551401869158879,760,834,1926,1682,67509730728,00:01:07,0.5,SYNONYMY,wiktionary_emb
largebio,small-fma-nci,wiktionary_emb,CLASSES,0.4767879548306148,0.28294862248696945,0.023869984763839513,0.3551401869158879,760,834,1926,1682,-,-,0.5,SYNONYMY,wiktionary_emb
largebio,small-fma-nci,wiktionary_emb,PROPERTIES,0.0,0.0,0.0,0.0,0,0,0,0,-,-,0.5,SYNONYMY,wiktionary_emb
largebio,small-fma-nci,wiktionary_emb,INSTANCES,0.0,0.0,0.0,0.0,0,0,0,0,-,-,0.5,SYNONYMY,wiktionary_emb
conference,confof-sigkdd,wiktionary_emb,ALL,0.19047619047619047,0.5714285714285714,0.0,0.2857142857142857,4,17,3,21,32646804,00:00:00,0.5,SYNONYMY,wiktionary_emb
conference,confof-sigkdd,wiktionary_emb,CLASSES,0.26666666666666666,0.6666666666666666,0.0,0.3809523809523809,4,11,2,15,-,-,0.5,SYNONYMY,wiktionary_emb
conference,confof-sigkdd,wiktionary_emb,PROPERTIES,0.0,0.0,0.0,0.0,0,6,1,6,-,-,0.5,SYNONYMY,wiktionary_emb
conference,confof-sigkdd,wiktionary_emb,INSTANCES,0.0,0.0,0.0,0.0,0,0,0,0,-,-,0.5,SYNONYMY,wiktionary_emb
conference,cmt-conference,wiktionary_emb,ALL,0.1935483870967742,0.4,0.1,0.26086956521739135,6,25,9,31,22195306388,00:00:22,0.5,SYNONYMY,wiktionary_emb
conference,cmt-conference,wiktionary_emb,CLASSES,0.29411764705882354,0.4166666666666667,0.125,0.3448275862068966,5,12,7,17,-,-,0.5,SYNONYMY,wiktionary_emb
conference,cmt-conference,wiktionary_emb,PROPERTIES,0.07142857142857142,0.3333333333333333,0.0,0.11764705882352941,1,13,2,14,-,-,0.5,SYNONYMY,wiktionary_emb
conference,cmt-conference,wiktionary_emb,INSTANCES,0.0,0.0,0.0,0.0,0,0,0,0,-,-,0.5,SYNONYMY,wiktionary_emb
conference,cmt-confof,wiktionary_emb,ALL,0.3181818181818182,0.4375,0.1,0.3684210526315789,7,15,9,22,182522018,00:00:00,0.5,SYNONYMY,wiktionary_emb
conference,cmt-confof,wiktionary_emb,CLASSES,0.4166666666666667,0.5,0.16666666666666666,0.45454545454545453,5,7,5,12,-,-,0.5,SYNONYMY,wiktionary_emb
conference,cmt-confof,wiktionary_emb,PROPERTIES,0.2,0.3333333333333333,0.0,0.25,2,8,4,10,-,-,0.5,SYNONYMY,wiktionary_emb
conference,cmt-confof,wiktionary_emb,INSTANCES,0.0,0.0,0.0,0.0,0,0,0,0,-,-,0.5,SYNONYMY,wiktionary_emb
conference,conference-sigkdd,wiktionary_emb,ALL,0.34782608695652173,0.5333333333333333,0.0,0.4210526315789474,8,15,7,23,51639835,00:00:00,0.5,SYNONYMY,wiktionary_emb
conference,conference-sigkdd,wiktionary_emb,CLASSES,0.4444444444444444,0.6666666666666666,0.0,0.5333333333333333,8,10,4,18,-,-,0.5,SYNONYMY,wiktionary_emb
conference,conference-sigkdd,wiktionary_emb,PROPERTIES,0.0,0.0,0.0,0.0,0,5,3,5,-,-,0.5,SYNONYMY,wiktionary_emb
conference,conference-sigkdd,wiktionary_emb,INSTANCES,0.0,0.0,0.0,0.0,0,0,0,0,-,-,0.5,SYNONYMY,wiktionary_emb
conference,conference-confof,wiktionary_emb,ALL,0.375,0.6,0.0,0.4615384615384615,9,15,6,24,52619055,00:00:00,0.5,SYNONYMY,wiktionary_emb
conference,conference-confof,wiktionary_emb,CLASSES,0.4666666666666667,0.6363636363636364,0.0,0.5384615384615385,7,8,4,15,-,-,0.5,SYNONYMY,wiktionary_emb
conference,conference-confof,wiktionary_emb,PROPERTIES,0.2222222222222222,0.5,0.0,0.30769230769230765,2,7,2,9,-,-,0.5,SYNONYMY,wiktionary_emb
conference,conference-confof,wiktionary_emb,INSTANCES,0.0,0.0,0.0,0.0,0,0,0,0,-,-,0.5,SYNONYMY,wiktionary_emb
conference,confof-ekaw,wiktionary_emb,ALL,0.35714285714285715,0.5,0.0,0.41666666666666663,10,18,10,28,37867473,00:00:00,0.5,SYNONYMY,wiktionary_emb
conference,confof-ekaw,wiktionary_emb,CLASSES,0.5,0.5,0.0,0.5,10,10,10,20,-,-,0.5,SYNONYMY,wiktionary_emb
conference,confof-ekaw,wiktionary_emb,PROPERTIES,0.0,0.0,0.0,0.0,0,8,0,8,-,-,0.5,SYNONYMY,wiktionary_emb
conference,confof-ekaw,wiktionary_emb,INSTANCES,0.0,0.0,0.0,0.0,0,0,0,0,-,-,0.5,SYNONYMY,wiktionary_emb
conference,confof-edas,wiktionary_emb,ALL,0.358974358974359,0.7368421052631579,0.375,0.4827586206896552,14,25,5,39,49626441,00:00:00,0.5,SYNONYMY,wiktionary_emb
conference,confof-edas,wiktionary_emb,CLASSES,0.4782608695652174,0.7857142857142857,0.4,0.5945945945945946,11,12,3,23,-,-,0.5,SYNONYMY,wiktionary_emb
conference,confof-edas,wiktionary_emb,PROPERTIES,0.1875,0.6,0.3333333333333333,0.2857142857142857,3,13,2,16,-,-,0.5,SYNONYMY,wiktionary_emb
conference,confof-edas,wiktionary_emb,INSTANCES,0.0,0.0,0.0,0.0,0,0,0,0,-,-,0.5,SYNONYMY,wiktionary_emb
conference,edas-ekaw,wiktionary_emb,ALL,0.22727272727272727,0.43478260869565216,0.07692307692307693,0.2985074626865672,10,34,13,44,74854233,00:00:00,0.5,SYNONYMY,wiktionary_emb
conference,edas-ekaw,wiktionary_emb,CLASSES,0.3333333333333333,0.5263157894736842,0.1,0.4081632653061224,10,20,9,30,-,-,0.5,SYNONYMY,wiktionary_emb
conference,edas-ekaw,wiktionary_emb,PROPERTIES,0.0,0.0,0.0,0.0,0,14,4,14,-,-,0.5,SYNONYMY,wiktionary_emb
conference,edas-ekaw,wiktionary_emb,INSTANCES,0.0,0.0,0.0,0.0,0,0,0,0,-,-,0.5,SYNONYMY,wiktionary_emb
conference,cmt-ekaw,wiktionary_emb,ALL,0.20689655172413793,0.5454545454545454,0.16666666666666666,0.3,6,23,5,29,159369450,00:00:00,0.5,SYNONYMY,wiktionary_emb
conference,cmt-ekaw,wiktionary_emb,CLASSES,0.4,0.75,0.3333333333333333,0.5217391304347827,6,9,2,15,-,-,0.5,SYNONYMY,wiktionary_emb
conference,cmt-ekaw,wiktionary_emb,PROPERTIES,0.0,0.0,0.0,0.0,0,14,3,14,-,-,0.5,SYNONYMY,wiktionary_emb
conference,cmt-ekaw,wiktionary_emb,INSTANCES,0.0,0.0,0.0,0.0,0,0,0,0,-,-,0.5,SYNONYMY,wiktionary_emb
conference,cmt-edas,wiktionary_emb,ALL,0.25806451612903225,0.6153846153846154,0.0,0.36363636363636365,8,23,5,31,267337546,00:00:00,0.5,SYNONYMY,wiktionary_emb
conference,cmt-edas,wiktionary_emb,CLASSES,0.5333333333333333,1.0,0.0,0.6956521739130436,8,7,0,15,-,-,0.5,SYNONYMY,wiktionary_emb
conference,cmt-edas,wiktionary_emb,PROPERTIES,0.0,0.0,0.0,0.0,0,16,5,16,-,-,0.5,SYNONYMY,wiktionary_emb
conference,cmt-edas,wiktionary_emb,INSTANCES,0.0,0.0,0.0,0.0,0,0,0,0,-,-,0.5,SYNONYMY,wiktionary_emb
conference,iasted-sigkdd,wiktionary_emb,ALL,0.3548387096774194,0.7333333333333333,0.0,0.47826086956521735,11,20,4,31,65167190,00:00:00,0.5,SYNONYMY,wiktionary_emb
conference,iasted-sigkdd,wiktionary_emb,CLASSES,0.5,0.7333333333333333,0.0,0.5945945945945945,11,11,4,22,-,-,0.5,SYNONYMY,wiktionary_emb
conference,iasted-sigkdd,wiktionary_emb,PROPERTIES,0.0,0.0,0.0,0.0,0,9,0,9,-,-,0.5,SYNONYMY,wiktionary_emb
conference,iasted-sigkdd,wiktionary_emb,INSTANCES,0.0,0.0,0.0,0.0,0,0,0,0,-,-,0.5,SYNONYMY,wiktionary_emb
conference,conference-iasted,wiktionary_emb,ALL,0.10526315789473684,0.2857142857142857,0.0,0.15384615384615385,4,34,10,38,116415534,00:00:00,0.5,SYNONYMY,wiktionary_emb
conference,conference-iasted,wiktionary_emb,CLASSES,0.16,0.3076923076923077,0.0,0.2105263157894737,4,21,9,25,-,-,0.5,SYNONYMY,wiktionary_emb
conference,conference-iasted,wiktionary_emb,PROPERTIES,0.0,0.0,0.0,0.0,0,13,1,13,-,-,0.5,SYNONYMY,wiktionary_emb
conference,conference-iasted,wiktionary_emb,INSTANCES,0.0,0.0,0.0,0.0,0,0,0,0,-,-,0.5,SYNONYMY,wiktionary_emb
conference,conference-ekaw,wiktionary_emb,ALL,0.21428571428571427,0.36,0.0,0.26865671641791045,9,33,16,42,61332403,00:00:00,0.5,SYNONYMY,wiktionary_emb
conference,conference-ekaw,wiktionary_emb,CLASSES,0.26666666666666666,0.34782608695652173,0.0,0.30188679245283023,8,22,15,30,-,-,0.5,SYNONYMY,wiktionary_emb
conference,conference-ekaw,wiktionary_emb,PROPERTIES,0.08333333333333333,0.5,0.0,0.14285714285714285,1,11,1,12,-,-,0.5,SYNONYMY,wiktionary_emb
conference,conference-ekaw,wiktionary_emb,INSTANCES,0.0,0.0,0.0,0.0,0,0,0,0,-,-,0.5,SYNONYMY,wiktionary_emb
conference,conference-edas,wiktionary_emb,ALL,0.1956521739130435,0.5294117647058824,0.0,0.28571428571428575,9,37,8,46,81621152,00:00:00,0.5,SYNONYMY,wiktionary_emb
conference,conference-edas,wiktionary_emb,CLASSES,0.25925925925925924,0.5,0.0,0.3414634146341463,7,20,7,27,-,-,0.5,SYNONYMY,wiktionary_emb
conference,conference-edas,wiktionary_emb,PROPERTIES,0.10526315789473684,0.6666666666666666,0.0,0.18181818181818182,2,17,1,19,-,-,0.5,SYNONYMY,wiktionary_emb
conference,conference-edas,wiktionary_emb,INSTANCES,0.0,0.0,0.0,0.0,0,0,0,0,-,-,0.5,SYNONYMY,wiktionary_emb
conference,cmt-iasted,wiktionary_emb,ALL,0.14814814814814814,1.0,0.0,0.25806451612903225,4,23,0,27,282238127,00:00:00,0.5,SYNONYMY,wiktionary_emb
conference,cmt-iasted,wiktionary_emb,CLASSES,0.23529411764705882,1.0,0.0,0.38095238095238093,4,13,0,17,-,-,0.5,SYNONYMY,wiktionary_emb
conference,cmt-iasted,wiktionary_emb,PROPERTIES,0.0,0.0,0.0,0.0,0,10,0,10,-,-,0.5,SYNONYMY,wiktionary_emb
conference,cmt-iasted,wiktionary_emb,INSTANCES,0.0,0.0,0.0,0.0,0,0,0,0,-,-,0.5,SYNONYMY,wiktionary_emb
conference,ekaw-sigkdd,wiktionary_emb,ALL,0.30434782608695654,0.6363636363636364,0.0,0.411764705882353,7,16,4,23,44640827,00:00:00,0.5,SYNONYMY,wiktionary_emb
conference,ekaw-sigkdd,wiktionary_emb,CLASSES,0.3684210526315789,0.6363636363636364,0.0,0.4666666666666667,7,12,4,19,-,-,0.5,SYNONYMY,wiktionary_emb
conference,ekaw-sigkdd,wiktionary_emb,PROPERTIES,0.0,0.0,0.0,0.0,0,4,0,4,-,-,0.5,SYNONYMY,wiktionary_emb
conference,ekaw-sigkdd,wiktionary_emb,INSTANCES,0.0,0.0,0.0,0.0,0,0,0,0,-,-,0.5,SYNONYMY,wiktionary_emb
conference,edas-sigkdd,wiktionary_emb,ALL,0.30434782608695654,0.4666666666666667,0.0,0.3684210526315789,7,16,8,23,74841585,00:00:00,0.5,SYNONYMY,wiktionary_emb
conference,edas-sigkdd,wiktionary_emb,CLASSES,0.4375,0.6363636363636364,0.0,0.5185185185185185,7,9,4,16,-,-,0.5,SYNONYMY,wiktionary_emb
conference,edas-sigkdd,wiktionary_emb,PROPERTIES,0.0,0.0,0.0,0.0,0,7,4,7,-,-,0.5,SYNONYMY,wiktionary_emb
conference,edas-sigkdd,wiktionary_emb,INSTANCES,0.0,0.0,0.0,0.0,0,0,0,0,-,-,0.5,SYNONYMY,wiktionary_emb
conference,ekaw-iasted,wikidata_emb,ALL,0.061224489795918366,0.6,0.0,0.1111111111111111,6,92,4,98,32068090023,00:00:32,0.5,SYNONYMY,wikidata_emb
conference,ekaw-iasted,wikidata_emb,CLASSES,0.08333333333333333,0.6,0.0,0.14634146341463414,6,66,4,72,-,-,0.5,SYNONYMY,wikidata_emb
conference,ekaw-iasted,wikidata_emb,PROPERTIES,0.0,0.0,0.0,0.0,0,26,0,26,-,-,0.5,SYNONYMY,wikidata_emb
conference,ekaw-iasted,wikidata_emb,INSTANCES,0.0,0.0,0.0,0.0,0,0,0,0,-,-,0.5,SYNONYMY,wikidata_emb
conference,confof-iasted,wikidata_emb,ALL,0.09433962264150944,0.5555555555555556,0.2,0.16129032258064518,5,48,4,53,8440158187,00:00:08,0.5,SYNONYMY,wikidata_emb
conference,confof-iasted,wikidata_emb,CLASSES,0.13157894736842105,0.5555555555555556,0.2,0.2127659574468085,5,33,4,38,-,-,0.5,SYNONYMY,wikidata_emb
conference,confof-iasted,wikidata_emb,PROPERTIES,0.0,0.0,0.0,0.0,0,15,0,15,-,-,0.5,SYNONYMY,wikidata_emb
conference,confof-iasted,wikidata_emb,INSTANCES,0.0,0.0,0.0,0.0,0,0,0,0,-,-,0.5,SYNONYMY,wikidata_emb
conference,edas-iasted,wikidata_emb,ALL,0.09473684210526316,0.47368421052631576,0.16666666666666666,0.15789473684210525,9,86,10,95,18156174164,00:00:18,0.5,SYNONYMY,wikidata_emb
conference,edas-iasted,wikidata_emb,CLASSES,0.1232876712328767,0.47368421052631576,0.16666666666666666,0.1956521739130435,9,64,10,73,-,-,0.5,SYNONYMY,wikidata_emb
conference,edas-iasted,wikidata_emb,PROPERTIES,0.0,0.0,0.0,0.0,0,22,0,22,-,-,0.5,SYNONYMY,wikidata_emb
conference,edas-iasted,wikidata_emb,INSTANCES,0.0,0.0,0.0,0.0,0,0,0,0,-,-,0.5,SYNONYMY,wikidata_emb
anatomy_track,mouse-human-suite,wikidata_emb,ALL,0.5464720194647202,0.7407651715039578,0.15349887133182843,0.628955474656959,1123,932,393,2055,514917469873,00:08:34,0.5,SYNONYMY,wikidata_emb
anatomy_track,mouse-human-suite,wikidata_emb,CLASSES,0.5470043838285436,0.7407651715039578,0.15349887133182843,0.6293079293919865,1123,930,393,2053,-,-,0.5,SYNONYMY,wikidata_emb
anatomy_track,mouse-human-suite,wikidata_emb,PROPERTIES,0.0,0.0,0.0,0.0,0,2,0,2,-,-,0.5,SYNONYMY,wikidata_emb
anatomy_track,mouse-human-suite,wikidata_emb,INSTANCES,0.0,0.0,0.0,0.0,0,0,0,0,-,-,0.5,SYNONYMY,wikidata_emb
conference,cmt-sigkdd,wikidata_emb,ALL,0.21951219512195122,0.75,0.5,0.339622641509434,9,32,3,41,2596636517,00:00:02,0.5,SYNONYMY,wikidata_emb
conference,cmt-sigkdd,wikidata_emb,CLASSES,0.32,0.8,0.5,0.45714285714285713,8,17,2,25,-,-,0.5,SYNONYMY,wikidata_emb
conference,cmt-sigkdd,wikidata_emb,PROPERTIES,0.0625,0.5,0.5,0.1111111111111111,1,15,1,16,-,-,0.5,SYNONYMY,wikidata_emb
conference,cmt-sigkdd,wikidata_emb,INSTANCES,0.0,0.0,0.0,0.0,0,0,0,0,-,-,0.5,SYNONYMY,wikidata_emb
largebio,small-fma-nci,wikidata_emb,ALL,0.3540041067761807,0.3209233060312733,0.07618080243778567,0.3366529974614333,862,1573,1824,2536,2982898831647,00:49:42,0.5,SYNONYMY,wikidata_emb
largebio,small-fma-nci,wikidata_emb,CLASSES,0.3540041067761807,0.3209233060312733,0.07618080243778567,0.3366529974614333,862,1573,1824,2536,-,-,0.5,SYNONYMY,wikidata_emb
largebio,small-fma-nci,wikidata_emb,PROPERTIES,0.0,0.0,0.0,0.0,0,0,0,0,-,-,0.5,SYNONYMY,wikidata_emb
largebio,small-fma-nci,wikidata_emb,INSTANCES,0.0,0.0,0.0,0.0,0,0,0,0,-,-,0.5,SYNONYMY,wikidata_emb
conference,confof-sigkdd,wikidata_emb,ALL,0.0851063829787234,0.5714285714285714,0.0,0.14814814814814814,4,43,3,47,2246125708,00:00:02,0.5,SYNONYMY,wikidata_emb
conference,confof-sigkdd,wikidata_emb,CLASSES,0.11764705882352941,0.6666666666666666,0.0,0.2,4,30,2,34,-,-,0.5,SYNONYMY,wikidata_emb
conference,confof-sigkdd,wikidata_emb,PROPERTIES,0.0,0.0,0.0,0.0,0,13,1,13,-,-,0.5,SYNONYMY,wikidata_emb
conference,confof-sigkdd,wikidata_emb,INSTANCES,0.0,0.0,0.0,0.0,0,0,0,0,-,-,0.5,SYNONYMY,wikidata_emb
conference,cmt-conference,wikidata_emb,ALL,0.09230769230769231,0.4,0.1,0.15,6,59,9,65,55670400070,00:00:55,0.5,SYNONYMY,wikidata_emb
conference,cmt-conference,wikidata_emb,CLASSES,0.18518518518518517,0.4166666666666667,0.125,0.2564102564102564,5,22,7,27,-,-,0.5,SYNONYMY,wikidata_emb
conference,cmt-conference,wikidata_emb,PROPERTIES,0.02631578947368421,0.3333333333333333,0.0,0.048780487804878044,1,37,2,38,-,-,0.5,SYNONYMY,wikidata_emb
conference,cmt-conference,wikidata_emb,INSTANCES,0.0,0.0,0.0,0.0,0,0,0,0,-,-,0.5,SYNONYMY,wikidata_emb
conference,cmt-confof,wikidata_emb,ALL,0.10869565217391304,0.3125,0.1,0.16129032258064516,5,41,11,46,4528275791,00:00:04,0.5,SYNONYMY,wikidata_emb
conference,cmt-confof,wikidata_emb,CLASSES,0.15384615384615385,0.4,0.16666666666666666,0.2222222222222222,4,22,6,26,-,-,0.5,SYNONYMY,wikidata_emb
conference,cmt-confof,wikidata_emb,PROPERTIES,0.05,0.16666666666666666,0.0,0.07692307692307691,1,19,5,20,-,-,0.5,SYNONYMY,wikidata_emb
conference,cmt-confof,wikidata_emb,INSTANCES,0.0,0.0,0.0,0.0,0,0,0,0,-,-,0.5,SYNONYMY,wikidata_emb
conference,conference-sigkdd,wikidata_emb,ALL,0.14545454545454545,0.5333333333333333,0.0,0.2285714285714286,8,47,7,55,3870037037,00:00:03,0.5,SYNONYMY,wikidata_emb
conference,conference-sigkdd,wikidata_emb,CLASSES,0.2,0.6666666666666666,0.0,0.30769230769230765,8,32,4,40,-,-,0.5,SYNONYMY,wikidata_emb
conference,conference-sigkdd,wikidata_emb,PROPERTIES,0.0,0.0,0.0,0.0,0,15,3,15,-,-,0.5,SYNONYMY,wikidata_emb
conference,conference-sigkdd,wikidata_emb,INSTANCES,0.0,0.0,0.0,0.0,0,0,0,0,-,-,0.5,SYNONYMY,wikidata_emb
conference,conference-confof,wikidata_emb,ALL,0.18,0.6,0.0,0.2769230769230769,9,41,6,50,2942067485,00:00:02,0.5,SYNONYMY,wikidata_emb
conference,conference-confof,wikidata_emb,CLASSES,0.22580645161290322,0.6363636363636364,0.0,0.3333333333333333,7,24,4,31,-,-,0.5,SYNONYMY,wikidata_emb
conference,conference-confof,wikidata_emb,PROPERTIES,0.10526315789473684,0.5,0.0,0.17391304347826086,2,17,2,19,-,-,0.5,SYNONYMY,wikidata_emb
conference,conference-confof,wikidata_emb,INSTANCES,0.0,0.0,0.0,0.0,0,0,0,0,-,-,0.5,SYNONYMY,wikidata_emb
conference,confof-ekaw,wikidata_emb,ALL,0.25,0.55,0.1,0.34375,11,33,9,44,2679548863,00:00:02,0.5,SYNONYMY,wikidata_emb
conference,confof-ekaw,wikidata_emb,CLASSES,0.34375,0.55,0.1,0.42307692307692313,11,21,9,32,-,-,0.5,SYNONYMY,wikidata_emb
conference,confof-ekaw,wikidata_emb,PROPERTIES,0.0,0.0,0.0,0.0,0,12,0,12,-,-,0.5,SYNONYMY,wikidata_emb
conference,confof-ekaw,wikidata_emb,INSTANCES,0.0,0.0,0.0,0.0,0,0,0,0,-,-,0.5,SYNONYMY,wikidata_emb
conference,confof-edas,wikidata_emb,ALL,0.22413793103448276,0.6842105263157895,0.25,0.33766233766233766,13,45,6,58,3362086617,00:00:03,0.5,SYNONYMY,wikidata_emb
conference,confof-edas,wikidata_emb,CLASSES,0.2857142857142857,0.7142857142857143,0.2,0.40816326530612246,10,25,4,35,-,-,0.5,SYNONYMY,wikidata_emb
conference,confof-edas,wikidata_emb,PROPERTIES,0.13043478260869565,0.6,0.3333333333333333,0.21428571428571427,3,20,2,23,-,-,0.5,SYNONYMY,wikidata_emb
conference,confof-edas,wikidata_emb,INSTANCES,0.0,0.0,0.0,0.0,0,0,0,0,-,-,0.5,SYNONYMY,wikidata_emb
conference,cmt-ekaw,wikidata_emb,ALL,0.12,0.5454545454545454,0.16666666666666666,0.19672131147540983,6,44,5,50,5934922697,00:00:05,0.5,SYNONYMY,wikidata_emb
conference,cmt-ekaw,wikidata_emb,CLASSES,0.23076923076923078,0.75,0.3333333333333333,0.3529411764705882,6,20,2,26,-,-,0.5,SYNONYMY,wikidata_emb
conference,cmt-ekaw,wikidata_emb,PROPERTIES,0.0,0.0,0.0,0.0,0,24,3,24,-,-,0.5,SYNONYMY,wikidata_emb
conference,cmt-ekaw,wikidata_emb,INSTANCES,0.0,0.0,0.0,0.0,0,0,0,0,-,-,0.5,SYNONYMY,wikidata_emb
conference,edas-ekaw,wikidata_emb,ALL,0.12195121951219512,0.43478260869565216,0.07692307692307693,0.19047619047619044,10,72,13,82,15101050835,00:00:15,0.5,SYNONYMY,wikidata_emb
conference,edas-ekaw,wikidata_emb,CLASSES,0.16129032258064516,0.5263157894736842,0.1,0.2469135802469136,10,52,9,62,-,-,0.5,SYNONYMY,wikidata_emb
conference,edas-ekaw,wikidata_emb,PROPERTIES,0.0,0.0,0.0,0.0,0,20,4,20,-,-,0.5,SYNONYMY,wikidata_emb
conference,edas-ekaw,wikidata_emb,INSTANCES,0.0,0.0,0.0,0.0,0,0,0,0,-,-,0.5,SYNONYMY,wikidata_emb
conference,cmt-edas,wikidata_emb,ALL,0.11864406779661017,0.5384615384615384,0.0,0.19444444444444445,7,52,6,59,19679067544,00:00:19,0.5,SYNONYMY,wikidata_emb
conference,cmt-edas,wikidata_emb,CLASSES,0.2692307692307692,0.875,0.0,0.411764705882353,7,19,1,26,-,-,0.5,SYNONYMY,wikidata_emb
conference,cmt-edas,wikidata_emb,PROPERTIES,0.0,0.0,0.0,0.0,0,33,5,33,-,-,0.5,SYNONYMY,wikidata_emb
conference,cmt-edas,wikidata_emb,INSTANCES,0.0,0.0,0.0,0.0,0,0,0,0,-,-,0.5,SYNONYMY,wikidata_emb
conference,iasted-sigkdd,wikidata_emb,ALL,0.1774193548387097,0.7333333333333333,0.0,0.2857142857142857,11,51,4,62,5951550332,00:00:05,0.5,SYNONYMY,wikidata_emb
conference,iasted-sigkdd,wikidata_emb,CLASSES,0.2391304347826087,0.7333333333333333,0.0,0.36065573770491804,11,35,4,46,-,-,0.5,SYNONYMY,wikidata_emb
conference,iasted-sigkdd,wikidata_emb,PROPERTIES,0.0,0.0,0.0,0.0,0,16,0,16,-,-,0.5,SYNONYMY,wikidata_emb
conference,iasted-sigkdd,wikidata_emb,INSTANCES,0.0,0.0,0.0,0.0,0,0,0,0,-,-,0.5,SYNONYMY,wikidata_emb
conference,conference-iasted,wikidata_emb,ALL,0.07954545454545454,0.5,0.3,0.1372549019607843,7,81,7,88,20661735289,00:00:20,0.5,SYNONYMY,wikidata_emb
conference,conference-iasted,wikidata_emb,CLASSES,0.10344827586206896,0.46153846153846156,0.2222222222222222,0.16901408450704225,6,52,7,58,-,-,0.5,SYNONYMY,wikidata_emb
conference,conference-iasted,wikidata_emb,PROPERTIES,0.03333333333333333,1.0,1.0,0.06451612903225806,1,29,0,30,-,-,0.5,SYNONYMY,wikidata_emb
conference,conference-iasted,wikidata_emb,INSTANCES,0.0,0.0,0.0,0.0,0,0,0,0,-,-,0.5,SYNONYMY,wikidata_emb
conference,conference-ekaw,wikidata_emb,ALL,0.1518987341772152,0.48,0.1875,0.23076923076923078,12,67,13,79,9064521448,00:00:09,0.5,SYNONYMY,wikidata_emb
conference,conference-ekaw,wikidata_emb,CLASSES,0.21153846153846154,0.4782608695652174,0.2,0.29333333333333333,11,41,12,52,-,-,0.5,SYNONYMY,wikidata_emb
conference,conference-ekaw,wikidata_emb,PROPERTIES,0.037037037037037035,0.5,0.0,0.06896551724137931,1,26,1,27,-,-,0.5,SYNONYMY,wikidata_emb
conference,conference-ekaw,wikidata_emb,INSTANCES,0.0,0.0,0.0,0.0,0,0,0,0,-,-,0.5,SYNONYMY,wikidata_emb
conference,conference-edas,wikidata_emb,ALL,0.10989010989010989,0.5882352941176471,0.125,0.1851851851851852,10,81,7,91,10056347690,00:00:10,0.5,SYNONYMY,wikidata_emb
conference,conference-edas,wikidata_emb,CLASSES,0.14814814814814814,0.5714285714285714,0.14285714285714285,0.23529411764705882,8,46,6,54,-,-,0.5,SYNONYMY,wikidata_emb
conference,conference-edas,wikidata_emb,PROPERTIES,0.05405405405405406,0.6666666666666666,0.0,0.1,2,35,1,37,-,-,0.5,SYNONYMY,wikidata_emb
conference,conference-edas,wikidata_emb,INSTANCES,0.0,0.0,0.0,0.0,0,0,0,0,-,-,0.5,SYNONYMY,wikidata_emb
conference,cmt-iasted,wikidata_emb,ALL,0.05357142857142857,0.75,0.0,0.09999999999999999,3,53,1,56,22027606639,00:00:22,0.5,SYNONYMY,wikidata_emb
conference,cmt-iasted,wikidata_emb,CLASSES,0.11538461538461539,0.75,0.0,0.19999999999999998,3,23,1,26,-,-,0.5,SYNONYMY,wikidata_emb
conference,cmt-iasted,wikidata_emb,PROPERTIES,0.0,0.0,0.0,0.0,0,30,0,30,-,-,0.5,SYNONYMY,wikidata_emb
conference,cmt-iasted,wikidata_emb,INSTANCES,0.0,0.0,0.0,0.0,0,0,0,0,-,-,0.5,SYNONYMY,wikidata_emb
conference,ekaw-sigkdd,wikidata_emb,ALL,0.15384615384615385,0.7272727272727273,0.25,0.253968253968254,8,44,3,52,2812407508,00:00:02,0.5,SYNONYMY,wikidata_emb
conference,ekaw-sigkdd,wikidata_emb,CLASSES,0.21621621621621623,0.7272727272727273,0.25,0.33333333333333337,8,29,3,37,-,-,0.5,SYNONYMY,wikidata_emb
conference,ekaw-sigkdd,wikidata_emb,PROPERTIES,0.0,0.0,0.0,0.0,0,15,0,15,-,-,0.5,SYNONYMY,wikidata_emb
conference,ekaw-sigkdd,wikidata_emb,INSTANCES,0.0,0.0,0.0,0.0,0,0,0,0,-,-,0.5,SYNONYMY,wikidata_emb
conference,edas-sigkdd,wikidata_emb,ALL,0.11290322580645161,0.4666666666666667,0.0,0.18181818181818182,7,55,8,62,3037493713,00:00:03,0.5,SYNONYMY,wikidata_emb
conference,edas-sigkdd,wikidata_emb,CLASSES,0.14893617021276595,0.6363636363636364,0.0,0.24137931034482757,7,40,4,47,-,-,0.5,SYNONYMY,wikidata_emb
conference,edas-sigkdd,wikidata_emb,PROPERTIES,0.0,0.0,0.0,0.0,0,15,4,15,-,-,0.5,SYNONYMY,wikidata_emb
conference,edas-sigkdd,wikidata_emb,INSTANCES,0.0,0.0,0.0,0.0,0,0,0,0,-,-,0.5,SYNONYMY,wikidata_emb
conference,ekaw-iasted,dbpedia_emb,ALL,0.09523809523809523,0.6,0.0,0.1643835616438356,6,57,4,63,2161631266,00:00:02,0.5,SYNONYMY,dbpedia_emb
conference,ekaw-iasted,dbpedia_emb,CLASSES,0.11764705882352941,0.6,0.0,0.19672131147540983,6,45,4,51,-,-,0.5,SYNONYMY,dbpedia_emb
conference,ekaw-iasted,dbpedia_emb,PROPERTIES,0.0,0.0,0.0,0.0,0,12,0,12,-,-,0.5,SYNONYMY,dbpedia_emb
conference,ekaw-iasted,dbpedia_emb,INSTANCES,0.0,0.0,0.0,0.0,0,0,0,0,-,-,0.5,SYNONYMY,dbpedia_emb
conference,confof-iasted,dbpedia_emb,ALL,0.0851063829787234,0.4444444444444444,0.0,0.14285714285714285,4,43,5,47,1596671724,00:00:01,0.5,SYNONYMY,dbpedia_emb
conference,confof-iasted,dbpedia_emb,CLASSES,0.1111111111111111,0.4444444444444444,0.0,0.17777777777777776,4,32,5,36,-,-,0.5,SYNONYMY,dbpedia_emb
conference,confof-iasted,dbpedia_emb,PROPERTIES,0.0,0.0,0.0,0.0,0,11,0,11,-,-,0.5,SYNONYMY,dbpedia_emb
conference,confof-iasted,dbpedia_emb,INSTANCES,0.0,0.0,0.0,0.0,0,0,0,0,-,-,0.5,SYNONYMY,dbpedia_emb
conference,edas-iasted,dbpedia_emb,ALL,0.09090909090909091,0.3684210526315789,0.0,0.14583333333333334,7,70,12,77,2960737588,00:00:02,0.5,SYNONYMY,dbpedia_emb
conference,edas-iasted,dbpedia_emb,CLASSES,0.11290322580645161,0.3684210526315789,0.0,0.1728395061728395,7,55,12,62,-,-,0.5,SYNONYMY,dbpedia_emb
conference,edas-iasted,dbpedia_emb,PROPERTIES,0.0,0.0,0.0,0.0,0,15,0,15,-,-,0.5,SYNONYMY,dbpedia_emb
conference,edas-iasted,dbpedia_emb,INSTANCES,0.0,0.0,0.0,0.0,0,0,0,0,-,-,0.5,SYNONYMY,dbpedia_emb
anatomy_track,mouse-human-suite,dbpedia_emb,ALL,0.5939058171745152,0.7071240105540897,0.03837471783295711,0.6455886781090032,1072,733,444,1805,552288497398,00:09:12,0.5,SYNONYMY,dbpedia_emb
anatomy_track,mouse-human-suite,dbpedia_emb,CLASSES,0.5945646145313367,0.7071240105540897,0.03837471783295711,0.6459777041277492,1072,731,444,1803,-,-,0.5,SYNONYMY,dbpedia_emb
anatomy_track,mouse-human-suite,dbpedia_emb,PROPERTIES,0.0,0.0,0.0,0.0,0,2,0,2,-,-,0.5,SYNONYMY,dbpedia_emb
anatomy_track,mouse-human-suite,dbpedia_emb,INSTANCES,0.0,0.0,0.0,0.0,0,0,0,0,-,-,0.5,SYNONYMY,dbpedia_emb
conference,cmt-sigkdd,dbpedia_emb,ALL,0.2903225806451613,0.75,0.25,0.4186046511627908,9,22,3,31,830827934,00:00:00,0.5,SYNONYMY,dbpedia_emb
conference,cmt-sigkdd,dbpedia_emb,CLASSES,0.42105263157894735,0.8,0.0,0.5517241379310345,8,11,2,19,-,-,0.5,SYNONYMY,dbpedia_emb
conference,cmt-sigkdd,dbpedia_emb,PROPERTIES,0.08333333333333333,0.5,0.5,0.14285714285714285,1,11,1,12,-,-,0.5,SYNONYMY,dbpedia_emb
conference,cmt-sigkdd,dbpedia_emb,INSTANCES,0.0,0.0,0.0,0.0,0,0,0,0,-,-,0.5,SYNONYMY,dbpedia_emb
largebio,small-fma-nci,dbpedia_emb,ALL,0.46764408493427706,0.3443782576321668,0.10766886744540376,0.39665523156089194,925,1053,1761,2075,1168899142734,00:19:28,0.5,SYNONYMY,dbpedia_emb
largebio,small-fma-nci,dbpedia_emb,CLASSES,0.46764408493427706,0.3443782576321668,0.10766886744540376,0.39665523156089194,925,1053,1761,2075,-,-,0.5,SYNONYMY,dbpedia_emb
largebio,small-fma-nci,dbpedia_emb,PROPERTIES,0.0,0.0,0.0,0.0,0,0,0,0,-,-,0.5,SYNONYMY,dbpedia_emb
largebio,small-fma-nci,dbpedia_emb,INSTANCES,0.0,0.0,0.0,0.0,0,0,0,0,-,-,0.5,SYNONYMY,dbpedia_emb
conference,confof-sigkdd,dbpedia_emb,ALL,0.13513513513513514,0.7142857142857143,0.3333333333333333,0.22727272727272727,5,32,2,37,597941218,00:00:00,0.5,SYNONYMY,dbpedia_emb
conference,confof-sigkdd,dbpedia_emb,CLASSES,0.19230769230769232,0.8333333333333334,0.5,0.3125,5,21,1,26,-,-,0.5,SYNONYMY,dbpedia_emb
conference,confof-sigkdd,dbpedia_emb,PROPERTIES,0.0,0.0,0.0,0.0,0,11,1,11,-,-,0.5,SYNONYMY,dbpedia_emb
conference,confof-sigkdd,dbpedia_emb,INSTANCES,0.0,0.0,0.0,0.0,0,0,0,0,-,-,0.5,SYNONYMY,dbpedia_emb
conference,cmt-conference,dbpedia_emb,ALL,0.125,0.3333333333333333,0.0,0.18181818181818182,5,35,10,40,12039434251,00:00:12,0.5,SYNONYMY,dbpedia_emb
conference,cmt-conference,dbpedia_emb,CLASSES,0.2,0.3333333333333333,0.0,0.25,4,16,8,20,-,-,0.5,SYNONYMY,dbpedia_emb
conference,cmt-conference,dbpedia_emb,PROPERTIES,0.05,0.3333333333333333,0.0,0.08695652173913045,1,19,2,20,-,-,0.5,SYNONYMY,dbpedia_emb
conference,cmt-conference,dbpedia_emb,INSTANCES,0.0,0.0,0.0,0.0,0,0,0,0,-,-,0.5,SYNONYMY,dbpedia_emb
conference,cmt-confof,dbpedia_emb,ALL,0.1282051282051282,0.3125,0.0,0.1818181818181818,5,34,11,39,1714463409,00:00:01,0.5,SYNONYMY,dbpedia_emb
conference,cmt-confof,dbpedia_emb,CLASSES,0.2,0.4,0.0,0.26666666666666666,4,16,6,20,-,-,0.5,SYNONYMY,dbpedia_emb
conference,cmt-confof,dbpedia_emb,PROPERTIES,0.05263157894736842,0.16666666666666666,0.0,0.08,1,18,5,19,-,-,0.5,SYNONYMY,dbpedia_emb
conference,cmt-confof,dbpedia_emb,INSTANCES,0.0,0.0,0.0,0.0,0,0,0,0,-,-,0.5,SYNONYMY,dbpedia_emb
conference,conference-confof,dbpedia_emb,ALL,0.21428571428571427,0.6,0.0,0.3157894736842105,9,33,6,42,854705068,00:00:00,0.5,SYNONYMY,dbpedia_emb
conference,conference-confof,dbpedia_emb,CLASSES,0.2916666666666667,0.6363636363636364,0.0,0.4,7,17,4,24,-,-,0.5,SYNONYMY,dbpedia_emb
conference,conference-confof,dbpedia_emb,PROPERTIES,0.1111111111111111,0.5,0.0,0.1818181818181818,2,16,2,18,-,-,0.5,SYNONYMY,dbpedia_emb
conference,conference-confof,dbpedia_emb,INSTANCES,0.0,0.0,0.0,0.0,0,0,0,0,-,-,0.5,SYNONYMY,dbpedia_emb
conference,conference-sigkdd,dbpedia_emb,ALL,0.18604651162790697,0.5333333333333333,0.0,0.27586206896551724,8,35,7,43,513655514,00:00:00,0.5,SYNONYMY,dbpedia_emb
conference,conference-sigkdd,dbpedia_emb,CLASSES,0.25806451612903225,0.6666666666666666,0.0,0.37209302325581395,8,23,4,31,-,-,0.5,SYNONYMY,dbpedia_emb
conference,conference-sigkdd,dbpedia_emb,PROPERTIES,0.0,0.0,0.0,0.0,0,12,3,12,-,-,0.5,SYNONYMY,dbpedia_emb
conference,conference-sigkdd,dbpedia_emb,INSTANCES,0.0,0.0,0.0,0.0,0,0,0,0,-,-,0.5,SYNONYMY,dbpedia_emb
conference,confof-ekaw,dbpedia_emb,ALL,0.23255813953488372,0.5,0.0,0.31746031746031744,10,33,10,43,820619682,00:00:00,0.5,SYNONYMY,dbpedia_emb
conference,confof-ekaw,dbpedia_emb,CLASSES,0.3125,0.5,0.0,0.38461538461538464,10,22,10,32,-,-,0.5,SYNONYMY,dbpedia_emb
conference,confof-ekaw,dbpedia_emb,PROPERTIES,0.0,0.0,0.0,0.0,0,11,0,11,-,-,0.5,SYNONYMY,dbpedia_emb
conference,confof-ekaw,dbpedia_emb,INSTANCES,0.0,0.0,0.0,0.0,0,0,0,0,-,-,0.5,SYNONYMY,dbpedia_emb
conference,confof-edas,dbpedia_emb,ALL,0.24074074074074073,0.6842105263157895,0.25,0.3561643835616438,13,41,6,54,1656591712,00:00:01,0.5,SYNONYMY,dbpedia_emb
conference,confof-edas,dbpedia_emb,CLASSES,0.36666666666666664,0.7857142857142857,0.4,0.5,11,19,3,30,-,-,0.5,SYNONYMY,dbpedia_emb
conference,confof-edas,dbpedia_emb,PROPERTIES,0.08333333333333333,0.4,0.0,0.13793103448275862,2,22,3,24,-,-,0.5,SYNONYMY,dbpedia_emb
conference,confof-edas,dbpedia_emb,INSTANCES,0.0,0.0,0.0,0.0,0,0,0,0,-,-,0.5,SYNONYMY,dbpedia_emb
conference,cmt-ekaw,dbpedia_emb,ALL,0.13513513513513514,0.45454545454545453,0.0,0.20833333333333334,5,32,6,37,1830967139,00:00:01,0.5,SYNONYMY,dbpedia_emb
conference,cmt-ekaw,dbpedia_emb,CLASSES,0.22727272727272727,0.625,0.0,0.3333333333333333,5,17,3,22,-,-,0.5,SYNONYMY,dbpedia_emb
conference,cmt-ekaw,dbpedia_emb,PROPERTIES,0.0,0.0,0.0,0.0,0,15,3,15,-,-,0.5,SYNONYMY,dbpedia_emb
conference,cmt-ekaw,dbpedia_emb,INSTANCES,0.0,0.0,0.0,0.0,0,0,0,0,-,-,0.5,SYNONYMY,dbpedia_emb
conference,edas-ekaw,dbpedia_emb,ALL,0.13846153846153847,0.391304347826087,0.0,0.20454545454545456,9,56,14,65,2113345883,00:00:02,0.5,SYNONYMY,dbpedia_emb
conference,edas-ekaw,dbpedia_emb,CLASSES,0.18,0.47368421052631576,0.0,0.2608695652173913,9,41,10,50,-,-,0.5,SYNONYMY,dbpedia_emb
conference,edas-ekaw,dbpedia_emb,PROPERTIES,0.0,0.0,0.0,0.0,0,15,4,15,-,-,0.5,SYNONYMY,dbpedia_emb
conference,edas-ekaw,dbpedia_emb,INSTANCES,0.0,0.0,0.0,0.0,0,0,0,0,-,-,0.5,SYNONYMY,dbpedia_emb
conference,cmt-edas,dbpedia_emb,ALL,0.14583333333333334,0.5384615384615384,0.0,0.22950819672131148,7,41,6,48,2588719609,00:00:02,0.5,SYNONYMY,dbpedia_emb
conference,cmt-edas,dbpedia_emb,CLASSES,0.30434782608695654,0.875,0.0,0.4516129032258065,7,16,1,23,-,-,0.5,SYNONYMY,dbpedia_emb
conference,cmt-edas,dbpedia_emb,PROPERTIES,0.0,0.0,0.0,0.0,0,25,5,25,-,-,0.5,SYNONYMY,dbpedia_emb
conference,cmt-edas,dbpedia_emb,INSTANCES,0.0,0.0,0.0,0.0,0,0,0,0,-,-,0.5,SYNONYMY,dbpedia_emb
conference,iasted-sigkdd,dbpedia_emb,ALL,0.22448979591836735,0.7333333333333333,0.0,0.34375,11,38,4,49,806037657,00:00:00,0.5,SYNONYMY,dbpedia_emb
conference,iasted-sigkdd,dbpedia_emb,CLASSES,0.3142857142857143,0.7333333333333333,0.0,0.44,11,24,4,35,-,-,0.5,SYNONYMY,dbpedia_emb
conference,iasted-sigkdd,dbpedia_emb,PROPERTIES,0.0,0.0,0.0,0.0,0,14,0,14,-,-,0.5,SYNONYMY,dbpedia_emb
conference,iasted-sigkdd,dbpedia_emb,INSTANCES,0.0,0.0,0.0,0.0,0,0,0,0,-,-,0.5,SYNONYMY,dbpedia_emb
conference,conference-iasted,dbpedia_emb,ALL,0.06779661016949153,0.2857142857142857,0.0,0.1095890410958904,4,55,10,59,1730342816,00:00:01,0.5,SYNONYMY,dbpedia_emb
conference,conference-iasted,dbpedia_emb,CLASSES,0.08888888888888889,0.3076923076923077,0.0,0.13793103448275862,4,41,9,45,-,-,0.5,SYNONYMY,dbpedia_emb
conference,conference-iasted,dbpedia_emb,PROPERTIES,0.0,0.0,0.0,0.0,0,14,1,14,-,-,0.5,SYNONYMY,dbpedia_emb
conference,conference-iasted,dbpedia_emb,INSTANCES,0.0,0.0,0.0,0.0,0,0,0,0,-,-,0.5,SYNONYMY,dbpedia_emb
conference,conference-ekaw,dbpedia_emb,ALL,0.21052631578947367,0.48,0.1875,0.2926829268292683,12,45,13,57,764244357,00:00:00,0.5,SYNONYMY,dbpedia_emb
conference,conference-ekaw,dbpedia_emb,CLASSES,0.2682926829268293,0.4782608695652174,0.2,0.34375000000000006,11,30,12,41,-,-,0.5,SYNONYMY,dbpedia_emb
conference,conference-ekaw,dbpedia_emb,PROPERTIES,0.0625,0.5,0.0,0.1111111111111111,1,15,1,16,-,-,0.5,SYNONYMY,dbpedia_emb
conference,conference-ekaw,dbpedia_emb,INSTANCES,0.0,0.0,0.0,0.0,0,0,0,0,-,-,0.5,SYNONYMY,dbpedia_emb
conference,conference-edas,dbpedia_emb,ALL,0.16666666666666666,0.6470588235294118,0.25,0.26506024096385544,11,55,6,66,1147466392,00:00:01,0.5,SYNONYMY,dbpedia_emb
conference,conference-edas,dbpedia_emb,CLASSES,0.225,0.6428571428571429,0.2857142857142857,0.33333333333333337,9,31,5,40,-,-,0.5,SYNONYMY,dbpedia_emb
conference,conference-edas,dbpedia_emb,PROPERTIES,0.07692307692307693,0.6666666666666666,0.0,0.13793103448275862,2,24,1,26,-,-,0.5,SYNONYMY,dbpedia_emb
conference,conference-edas,dbpedia_emb,INSTANCES,0.0,0.0,0.0,0.0,0,0,0,0,-,-,0.5,SYNONYMY,dbpedia_emb
conference,cmt-iasted,dbpedia_emb,ALL,0.07894736842105263,0.75,0.0,0.14285714285714285,3,35,1,38,2879775024,00:00:02,0.5,SYNONYMY,dbpedia_emb
conference,cmt-iasted,dbpedia_emb,CLASSES,0.13043478260869565,0.75,0.0,0.22222222222222218,3,20,1,23,-,-,0.5,SYNONYMY,dbpedia_emb
conference,cmt-iasted,dbpedia_emb,PROPERTIES,0.0,0.0,0.0,0.0,0,15,0,15,-,-,0.5,SYNONYMY,dbpedia_emb
conference,cmt-iasted,dbpedia_emb,INSTANCES,0.0,0.0,0.0,0.0,0,0,0,0,-,-,0.5,SYNONYMY,dbpedia_emb
conference,ekaw-sigkdd,dbpedia_emb,ALL,0.1891891891891892,0.6363636363636364,0.0,0.2916666666666667,7,30,4,37,531304210,00:00:00,0.5,SYNONYMY,dbpedia_emb
conference,ekaw-sigkdd,dbpedia_emb,CLASSES,0.22580645161290322,0.6363636363636364,0.0,0.3333333333333333,7,24,4,31,-,-,0.5,SYNONYMY,dbpedia_emb
conference,ekaw-sigkdd,dbpedia_emb,PROPERTIES,0.0,0.0,0.0,0.0,0,6,0,6,-,-,0.5,SYNONYMY,dbpedia_emb
conference,ekaw-sigkdd,dbpedia_emb,INSTANCES,0.0,0.0,0.0,0.0,0,0,0,0,-,-,0.5,SYNONYMY,dbpedia_emb
conference,edas-sigkdd,dbpedia_emb,ALL,0.15555555555555556,0.4666666666666667,0.0,0.23333333333333334,7,38,8,45,955744688,00:00:00,0.5,SYNONYMY,dbpedia_emb
conference,edas-sigkdd,dbpedia_emb,CLASSES,0.23333333333333334,0.6363636363636364,0.0,0.34146341463414637,7,23,4,30,-,-,0.5,SYNONYMY,dbpedia_emb
conference,edas-sigkdd,dbpedia_emb,PROPERTIES,0.0,0.0,0.0,0.0,0,15,4,15,-,-,0.5,SYNONYMY,dbpedia_emb
conference,edas-sigkdd,dbpedia_emb,INSTANCES,0.0,0.0,0.0,0.0,0,0,0,0,-,-,0.5,SYNONYMY,dbpedia_emb
